,Loan Type,Product Name,Product Features,Eligibility Criteria
0,담보대출,당행 예부적금 등 수신금리연동담보대출,"상품특징당행 예·부·적금, 당행 발행 양도성예금증서(CD), 당행 발행 표지어음, 당행 발행 환매조건부채권(RP) 및 당행 신탁 등을 거래하는 고객이 이를 담보로 대출 실행","대출신청자격은행이 인정하는 본인 단독명의의 당행 예·부·적금·신탁 등을 담보로 제공하는 자다음의 경우에는 담보대출 취급불가☞예금 신규 가입일을 포함하여 2영업일 이내의 예금담보대출.다만, 재예치 예금 또는 주택청약예금/부금의 지역간 예치금액변경 및 평형변경은 제외☞계약해지의제좌에 편입된 적립식 예금의 담보대출☞수신금리가 일반 공시금리 미만인 예금 담보대출☞예금잔액증명서 발급계좌에 대한 발급 당일 담보대출☞당행 신탁 중 비과세 가계신탁은 은행대출의 담보로 할 수 없으며, 신탁대출로만 운용☞중장기주택부금을 담보로 대출취급 불가☞복수 예·부·적금 담보로 하는 경우 최대 5계좌까지 가능(일반예금과 아래 각호의 예금 상호간 또는 아래 각호의 예금 상호간 복수담보 취득 불가)-차세대주택종합통장[차세대주택종합통장내 주택부금(청약예금 포함),정기예금(청약예금 포함) 상호간 복수담보 취급불가]-당행 신탁(당행 신탁 상호간에도 복수담보 취급 불가)- 수신금리연동대출로 취급이 불가한 예금[투자신탁, 외화예금 등]"
1,자동차대출,KB 매직카대출(중고차 구매用),"상품특징캐피탈 대비 유리한 금리조건으로 중고차를 구매하려는 고객을 위한 비대면 전용 대출상품취급수수료, 근저당설정 부담 없음.","대출신청자격중고차 구입 목적으로 자동차매매업자와 계약(경·공매, 리스완료 후 구매 포함)을 체결하고 소득증빙이 가능한 만 19세 이상 개인고객※ 대출대상 : 근로소득자(6개월 이상), 사업소득자(12개월 이상), 연금소득자※ 대상차종 : 승용차, 승합차, 화물차(5톤 이하)(개인택시, 캠핑카 및 카라반, 수입차 포함)☞ 최초 자동차등록일로부터 15년 이내인 차량으로 대출실행 후 소유권 이전 필수☞ 자동차매매업자가 알선하지 않은 개인간 매매거래 제외"
2,주택도시기금대출,신혼희망타운전용 주택담보장기대출,상품특징주택도시기금과 LH 신혼희망타운 분양계약자가 주택매각 또는 대출상환 시 주택가격 상승에 따른 처분(평가)수익을 공유하는 저금리 주택구입자금대출[국토교통부 주택도시기금포털 바로가기],대출신청자격LH 신혼희망타운 분양계약을 체결한 만 19세 이상의 무주택 세대주(세대원 포함)※ 대출신청일 현재 세대주를 포함한 세대원 전원이 무주택인 고객
3,담보대출,KB 주택구입자금대출(집단 입주잔금대출),상품특징분양받은 주택에 입주예정으로 분양대금 잔금을 납부하려는 고객을 위한 맞춤상품,대출신청자격은행이 승인한 사업장의 입주예정자(‘무보증취급 후 후취담보 취득’ 방식은 수분양자 본인이 입주하는 경우만 가능)
4,담보대출,KB내집연금 연계대출,상품특징「KB골든라이프 공사주택연금론(주담대전환형)」으로 기존 주택담보대출을 전환하는 고객 중 상환자금이 부족한 고객을 지원하는 대출 상품,대출신청자격「KB골든라이프 공사주택연금론(주담대전환형)」을 신청하고 해당 대출만으로 기존 주택담보대출을 전액상환하기에는 자금이 부족하여 추가 대출이 필요한 고객※서울보증보험(주)의 개인금융신용보험증권 발급이 가능한 고객
5,신용대출,KB 직장인든든 신용대출,"상품특징직장인이라면 신청 가능'내맘대로 통장자동대출' 선택 시, 최초 약정한 금액 범위 내에서 사용한도의 자유로운 증액과 감액이 가능하며, 추가 우대금리가 제공됩니다.","대출신청자격재직기간 3개월 이상 당행 선정 우량 직장인 및 재직기간 6개월 이상 일반 직장인☞ 단, ""정규직 공무원(최종합격자 포함), 군인(중사 이상), 교사""는 재직기간 관계없음"
6,담보대출,장애인자립자금대출,상품특징보건복지부 선정 성년 등록장애인 대상 가계안정자금대출 지원신용대출 또는 담보대출로 신청 가능,대출신청자격거주지 구청장으로부터 융자추천을 받은 성년등록장애인- 융자추천은「복지대상자 자금대여 결정통지서」로 확인
7,신용대출,KB 제휴 대환 신용대출,상품특징씨티은행 개인 신용대출 보유 고객을 위한 씨티은행 제휴 대환 신용대출,대출신청자격한국씨티은행 개인 신용대출을 이용중인 고객
8,담보대출,KB 주택구입자금대출,상품특징◈ 기존 국민은행 거래 실적 없이 신속하게 대출 취급◈ 다양한 금리조건과 상환방법◈ 시세정보있는 공동주택의 경우 인터넷상에서 대출가능금액 즉시 조회 가능,대출신청자격주택을 구입하시는 분
9,신용대출,휴·폐업 개인사업자 신용대출에 대한 가계대출 채무조정프로그램,상품특징약정기일 경과 또는 연체 중인 개인사업자 신용대출을 가계신용대출로 전환,대출신청자격개인신용평가시스템(CSS) 등에 의해 산출된 의무상환금액(잔액 X 의무상환비율(최대 20%))만큼을 상환한 고객(신용관리정보 등록고객 포함)
10,전월세/반환보증,[특판]KB 든든 주택전세자금대출,상품특징전세 신규입주 또는 계약갱신을 하시는 고객님께 최고 임차보증금의 80%까지 한국주택금융공사 보증서 담보로 지원하는 대출상품,"대출신청자격민법상 성년인 세대주 또는 세대주로 인정되는 자로서 「주택금융신용보증서」가 발급되는 고객으로서 아래의 사항을 모두 충족하는 고객1. 임차보증금이 수도권 7억원(그 외 지역 5억원) 이하인 임대차계약을 체결하고,임차보증금의 5% 이상을 지급한 경우2. 본인과 배우자(결혼예정자 포함)의 합산 주택수가 1주택* 이내인 경우* 보유 중인 주택이 2020.7.10일 이후 투기지역 또는 투기과열지구 내 소재한 주택으로서 취득시점 주택가액이 3억원을 초과하는 아파트를 구입한 경우에는 대출대상에서 제외. 단, 실수요 요건을 증빙하는 경우 신청 가능"
11,담보대출,한국주택금융공사 아낌e-보금자리론,상품특징한국주택금융공사가 사전에 양수 적격여부를 심사하여 고객의 대출금리를 낮춘 장기 고정금리 상품으로 향후 금리 변동의 위험을 피하고자 하는 고객에게 적합한 상품(인터넷 비대면 약정),"대출신청자격민법상 성년으로 무주택자(채무자와 배우자 기준)로서 부부합산 연소득이 7천만원 이하인 대한민국 국민, 주민등록을 한 재외국민 및 외국국적동포- 단, 아래의 경우 해당 소득 금액 이내로 적용하며, 전세사기 피해자는 소득제한 없음ㅇ 신혼가구 : 85백만원ㅇ 1자녀가구 : 80백만원ㅇ 2자녀가구 : 90백만원ㅇ 다자녀가구 : 1억원☞ 전세사기피해자 중 전세사기 피해주택을 처분조건부로 대출을 신청한 경우 일시적 2주택자도 취급 가능"
12,신용대출,부산광역시 동구 협약대출[2022.06.10 판매중단],상품특징부산광역시 동구의 융자추천을 받은 고객님께 최대 2천만원까지 확정금리 연 2.0%[거치기간(2년) 중에는 0%]를 제공하는 협약대출 상품.,대출신청자격부산광역시 동구의 융자추천을 받은 고객으로서 연대보증인 입보가 가능한 고객
13,담보대출,부동산 담보대출 채무조정 전환제도,"상품특징실직, 폐업, 질병, 상해, 자연재해 등으로 일시적 유동성이 부족한 고객에 대해 분할상환으로 전환","대출신청자격가계 부동산 담보대출로서 아래의 경우를 모두 충족하고, 재무적 곤란 사유를 제출하는 고객① 대출 신규일로부터 1년 이상 경과된 계좌② 대출잔액(한도거래대출은 한도약정액)이 1억원 이하인 계좌※ 주택담보대출은 주택담보대출 채무조정 전환제도 활용※ 재무적 곤란 사유재무적 곤란 사유구 분 내 용실직,폐업- 대출신청일 현재 실직, 폐업(휴업)한 경우(최근 6개월 이내)기타사유- 본인 또는 가족의 질병·상해 등으로 인해 의료비 지출규모가 연소득의 10%를초과하는 경우- 본인의 사망(채무를 인수하는 경우에 한함)- 본인 거주주택에 자연재해가 발생한 경우"
14,담보대출,안심전환대출,상품특징당행 주택담보대출의 잔액만큼 대환가능한 상품으로서 고객의 대출금리를 낮춘 장기 고정금리 상품으로 향후 금리 변동의 위험을 피하고자 하는 고객에게 적합한 상품(인터넷 비대면 약정),대출신청자격민법상 성년으로 ①주택 보유 수 ②주택 가격 ③소득 자격을 모두 충족하는 대한민국 국민① 주택 보유 수 : 본건 1주택 (채무자 및 배우자 기준)② 주택 가격 : 시세 6억원 이하③ 소득 : 부부합산 1억원 이하 (소득증빙 필수)
15,신용대출,KB WISE 직장인대출[2019.09.27 판매중단],"상품특징대기업 또는 공공기관 재직 임직원을 위한 신용대출 상품거래실적에 따른 우대금리 및 자유로운 상환방식(종합통장자동대출, 일시상환, 분할상환)'내맘대로 통장자동대출' 선택 시, 최초 약정한 금액 범위 내에서 사용한도의 자유로운 증액과 감액이 가능하며, 추가 우대금리가 제공됩니다.","대출신청자격다음에 해당하는 우량업체(기관)에 1년이상 재직중인 임직원☞ 상호출자제한기업 중 상장회사, 코스탁등록업체☞ 언론기관 중 전국일간지 및 방송3사(KBS,MBC,SBS)☞ 공공기관(공기업, 준정부기관,기타공공기관, 지방공기업)☞ KB금융지주계열사"
16,신용대출,KB 안전망 대출[2019.11.05 판매중단],상품특징금융소외자의 고금리대출을 「국민행복기금」의 신용보증을 통해 제도권 금융기관 대출로 전환매 6개월마다 국민행복기금 보증료 할인을 통해 금리부담 경감,대출신청자격연 24% 초과 고금리대출 이용고객 중 해당 대출의 만기일이 3개월 이내로서 ㈜국민행복기금의 신용보증서 발급이 가능한 고객
17,신용대출,Liiv M 폰 드림 대출[2022.04.29 판매중단],상품특징Liiv M 서비스 이용 및 이용 예정고객을 대상으로 단말기 구입에 필요한 자금을 지원하고 원금을 분할 상환하는 비대면전용 소액 신용대출상품,대출신청자격Liiv M 기존 이용 또는 신규개통(번호이동) 예정으로 단말기 구입자금이 필요한 고객* Liiv M(리브모바일) : KB국민은행의 혁신금융서비스로 금융권 최초로 제공하는 이동통신서비스
18,신용대출,KB 4대연금 신용대출,"상품특징4대연금(국민연금, 군인연금, 공무원연금, 사학연금)을 국민은행으로 수령하는 고객에게 대출한도와 금리를 우대하는 연금수급권자 전용 신용대출 상품'내맘대로 통장자동대출' 선택 시, 최초 약정한 금액 범위 내에서 사용한도의 자유로운 증액과 감액이 가능하며, 추가 우대금리가 제공됩니다.","대출신청자격4대연금(국민연금, 군인연금, 공무원연금, 사학연금) 중 어느 하나를 매월(1회 이상) 국민은행 계좌를 통해 수령하는 고객으로 개인신용평가시스템(CSS)에 의해 대출적격자로 판정된 고객※ 단, 일시금 수령자 및 연금이체 예정자는 제외"
19,전월세/반환보증,광주광역시 재난관리기금 협약대출,상품특징광주광역시의 융자추천을 받은 고객님께 전세자금대출을 지원하는 대출상품KB국민은행 광주종합금융센터 또는 광주시청(점)에서만 대출신청 가능,"대출신청자격광주광역시의 융자추천을 받은 고객 중 임차보증금이 수도권 5억원(그 외 지역 3억원) 이하인 임대차계약을 체결하고, 임차보증금의 5% 이상을 계약금으로 지급한 민법상 성년인 세대주 또는 세대주로 인정되는 자로서 「주택금융신용보증서」가 발급되는 고객본인과 배우자(결혼예정자 포함)의 합산 주택수가1주택* 이내인 경우* 보유 중인 주택이 2020.7.10일 이후 투기지역 또는 투기과열지구 내 소재한 주택으로서 취득시점 주택가액이 3억원을 초과하는 아파트를 구입한 경우에는 대출대상에서 제외. 단, 실수요 요건을 증빙하는 경우 신청 가능"
20,자동차대출,KB 매직카대출(신차 대환),"상품특징다른 금융기관(은행권 제외)에서 받은 신차할부금융을 KB국민은행으로 대환하고 분할상환하는 대출상품별도의 취급수수료, 보험료, 근저당설정 부담 없음","대출신청자격다른 금융기관(은행권 제외)에서 신차 구매를 목적으로 받은 자동차할부금융(대출)을 KB국민은행으로 대환하고자 하는 고객으로서 소득증빙이 가능한 만 19세 이상 개인고객※ 대출대상 : 근로소득자(6개월 이상), 사업소득자(12개월 이상), 연금소득자※ 대상차종 : 승용차, 승합차 및 화물차(5톤 이하)(개인택시, 캠핑카 및 카라반, 수입차 포함)☞ 기존 자동차할부금융(대출) 대출실행일은 최초자동차등록일 전·후 30일 이내여야 합니다☞ 본건 대출실행일 기준 대환대출 해당 자동차는 최초자동차등록일로부터 5년 이내여야 합니다"
21,주택도시기금대출,(비대면신청)버팀목 전세자금대출,"상품특징영업점 방문 없이 비대면으로 신청 가능고객님의 정보에 맞추어 일반, 신혼, 청년, 중소기업취업(창업)청년 버팀목을 추천※각 상품별 세부 내용은 아래 상품안내를 참고해주시기 바랍니다.※일부 가입조건은 비대면을 통한 신청이 제한될 수 있으며, 영업점을 통한 신청만 가능합니다.[버팀목전세자금대출(일반,신혼) 상품안내 바로가기][청년전용 버팀목전세자금대출 상품안내 바로가기][중소기업 취업(창업)청년 버팀목전세자금대출 상품안내 바로가기][국토교통부 주택도시기금 포털 바로가기][국토교통부 주택전세 지원마법사 바로가기]","대출신청자격주택임대차계약을 체결하여 임차보증금의 5% 이상 지불하고, 아래의 요건을 모두 갖춘 고객1. 대출신청일 현재 민법상 성년인 세대주주1) 또는 세대주로 인정되는 자주2)주1) 대출실행일로부터 1개월 이내에 세대분가 또는 세대합가로 인한 세대주 예정자 포함주2) 세대주로 인정되는 자ㅇ 세대주의 세대원인 배우자ㅇ 대출신청일로부터 3개월 이내에 결혼으로 인하여 세대주로 예정된 자2. 대출신청일 현재 세대주(예정자)를 포함한 세대원(예정자) 전원이 무주택인 고객3. 최근년도 또는 최근 1년간 부부합산 총소득이 5천만원 이하인 고객※ 단, 2자녀(미성년자) 이상 가구 6천만원 이하, 신혼가구는 7천5백만원 이하,중소기업 취업(창업)청년 버팀목전세자금대출은 부부합산 연소득 5천만원 이하(외벌이 가구 또는 단독세대주인 경우 3천5백만원 이하)4. 대출신청인 및 배우자의 합산 순자산가액이 통계청에서 발표하는 최근년도 가계금융복지조사의 ‘소득 5분위별 자산 및 부채현황’ 중 소득 3분위 전체가구 평균값 이하인 고객(2023년 기준, 3억 4천 5백만원)※ 증액갱신계약(월세에서 전세로 전환 포함)의 경우, 주민등록등본상 임차목적물에 1년(공공임대주택은 3개월) 이상 거주한 고객(확정일자 필수)☞ 부부합산 총소득이란 차주 및 배우자(결혼예정자 포함)의 근로소득(상여금 및 수당포함) 및 사업소득을 말함"
22,전월세/반환보증,전세사기피해자 특례보증 전세자금대출,상품특징국토교통부 작성 「전세사기피해자등 결정문」 상 ‘제2조제4호가목’ 또는 ‘다목’으로 결정받은 고객님께 임차보증금의 90% 이내로 최고 1억원까지 한국주택금융공사 보증서 담보로 지원하는 대출상품,"대출신청자격민법상 성년인 세대주 또는 세대주로 인정되는 자로서 「주택금융신용보증서」가 발급되는 고객으로서 아래의 사항을 모두 충족하는 임차인1. 임차보증금이 수도권 7억원(그 외 지역 5억원) 이하인 임대차계약을 체결하고, 임차보증금의 5% 이상을 지급한 경우2. 본인과 배우자(결혼예정자 포함)의 합산 주택수가 1주택* 이내인 경우* 보유 중인 주택이 2020.7.10일 이후 투기지역 또는 투기과열지구 내 소재한 주택으로서 취득시점 주택가액이 3억원을 초과하는 아파트를 구입한 경우에는 대출대상에서 제외. 단, 실수요 요건을 증빙하는 경우 신청 가능3. 「전세사기피해자 지원 및 주거안정에 관한 특별법」 상 금융지원*이 가능한 경우* 「전세사기피해자등 결정문」 상 ‘제2조제4호가목’ 또는 ‘다목’ 결정자"
23,전월세/반환보증,KB 청년 맞춤형 전세자금대출,상품특징청년층의 주거비용 경감을 위한 금융위원회 정책상품으로 만 19세 이상 만 34세 이하 무주택 청년 대상 은행 대출금리와 한국주택금융공사 보증료 우대 제공대학생 등 무소득자도 최대 2억원까지 대출신청 가능,"대출신청자격일반대출- 아래 조건을 모두 충족하는 만 19세 이상 만 34세 이하 무주택 세대주 또는 예비세대주주)(1) 임차보증금 수도권 7억원(그 외 지역 5억원) 이하(2) 임차보증금의 5% 이상 계약금 지급(3) 부부합산 연소득 7천만원 이하주) 예비세대주 : 대출실행일로부터 1개월 이내 세대주 요건을 충족하는 고객대환대출- 위 '일반대출' 조건을 모두 충족하고 잔여 임대차계약기간이 6개월 이상이면서, 금융기관에서 이용중인 대출 중 대출실행일로부터 6개월 이상 경과한 임차보증금 용도 대출을 연체없이 이용중인 고객(기존대출 전액상환이 가능한 고객)"
24,신용대출,KB 대학생·청년 햇살론[2020.05.14 판매중단],상품특징제2금융권 등에서 고금리 대출을 이용중이거나 생활자금이 필요한 청년·대학생이 신용회복위원회 신용보증을 통해 제도권 금융기관의 저금리대출로 전환하거나 생활자금을 지원하는 대출,"대출신청자격신용회복위원회의 신용보증서를 발급 받은 고객☞ 고금리전환자금 : 금융기관 및 대부업자로부터 연 15%이상 고금리 채무를 당행의 「KB 대학생·청년 햇살론」으로 전환하고자 하는 고객☞ 생활안정자금 : 생활비, 주거비, 의료비, 학원비, 교재비 등 생활안정자금이 필요한 고객"
25,신용대출,KB 처음EASY 신용대출,"상품특징통신정보 등 비금융데이터를 활용한 새로운 신용평가 방식을 적용하고, 다양한 소득인정기준을 활용하여 대출한도를 부여하는 신용대출 상품'내맘대로 통장자동대출' 적용상품으로, 최초 약정한 금액 범위 내에서 사용한도의 자유로운 증액과 감액이 가능하며, 추가 우대금리가 제공됩니다.","대출신청자격만 19세 이상의 (1) 또는 (2) 고객(1) 아래 ①, ② 조건을 모두 만족하는 직장인 사회초년생, 초기사업가, 사업소득원천징수대상자*, 아르바이트생(* 사업소득원천징수대상자 : 보험설계사, 자동차딜러, 학습지교사, 퀵서비스 배달원 등)① 재직 또는 사업기간이 3개월 이상 1년 미만(현재 직장/사업장 기준)② 최근 3개월 소득발생자 또는 최근 3개월 국민연금/건강보험료 납부자(2) 재직 또는 사업사실 확인이 불가한 고객 : 전업주부, 은퇴자 등※ 일정수준 이상의 소득이 있는 고객은 본 상품의 대출대상에서는 제외될 수 있습니다."
26,전월세/반환보증,KB 주택전세자금대출 (은행재원 협약보증),상품특징전세 신규입주 또는 계약갱신을 하시는 고객님께 최고 임차보증금의 80%까지 한국주택금융공사 보증서 담보로 지원하는 대출상품,"대출신청자격민법상 성년인 세대주 또는 세대주로 인정되는 자로서 「주택금융신용보증서」가 발급되는 고객으로서 아래의 사항을 모두 충족하는 고객1. 임차보증금이 수도권 7억원(그 외 지역 5억원) 이하인 임대차계약을 체결하고,임차보증금의 5% 이상을 지급한 경우2. 본인과 배우자(결혼예정자 포함)의 합산 주택수가 1주택* 이내인 경우* 보유 중인 주택이 2020.7.10일 이후 투기지역 또는 투기과열지구 내 소재한 주택으로서 취득시점 주택가액이 3억원을 초과하는 아파트를 구입한 경우에는 대출대상에서 제외. 단, 실수요 요건을 증빙하는 경우 신청 가능"
27,신용대출,KB i-STAR 직장인행복신용대출[2019.02.27 판매중단],상품특징중소법인기업 재직직원을 위한 무서류/무방문 인터넷전용 간편대출고객님이 추천한 고객이 추천번호 입력하여 동일 상품 신규한 경우 추천우대금리 혜택 제공,"대출신청자격동일 중소법인기업 3년 이상 재직중인 급여소득자로 아래 요건을 모두 충족하는 고객☞ 대출신청일 현재 최근 1년간 국민건강보험료(직장 가입자) 정상 납부 고객☞ 전년도 국세청홈택스 연간소득금액 25백만원 이상 고객☞ 대출신청일 현재 제2금융권 대출 미보유 고객※ 공무원, 군인, 선생님(교직원 포함), 금융기관, 공공기관, 언론기관, 대기업, 상장기업(코스닥 포함),의료기관 중 병원급 이상에 재직중인 고객님은 대상자가 아닙니다."
28,전월세/반환보증,KB스타 전세자금대출(갈아타기)(HUG_주택도시보증공사),상품특징주택도시보증공사의 「전세보증금반환보증」과 「전세자금대출특약보증」을 가입하여 전세계약 만료시 임차보증금을 안전하게 보장받고 대출금 지원도 가능한 전세자금 대출 상품,"대출신청자격「대출이동시스템」에 참여하는 타 금융기관의 ‘주택도시보증공사(HUG)’ 전세자금대출을 당행으로 전액 대환(차주 보유 전세자금대출이 1건인 경우만 가능)신청하고, 공인중개사의 중개를 통하여 1년 이상의 주택임대차계약 체결 및 임차보증금의 5% 이상을 지급한 임차인으로서, 다음 각호를 모두 충족하는 고객(1) 만 19세 이상 주민등록등본상 세대주 (단독세대주 포함)(2) 임차보증금이 수도권 7억원, 그 외 지역 5억원 이내로 임차계약기간이 1년 이상인 전세계약자(3) 주택도시보증공사의 「전세보증금반환보증」 과 「전세자금대출특약보증」가입이 가능한 고객(4) 본인과 배우자(결혼예정자 포함)의 합산 주택수가 1주택* 이내인 경우* 보유 중인 주택이 2020.7.10일 이후 투기지역 또는 투기과열지구 내 소재한 주택으로서 취득시점 주택가액이 3억원을 초과하는 아파트를 구입한 경우에는 대출대상에서 제외. [※실수요 예외인정 없음](5) 다음 중 하나에 해당하는 자(가) 재직사실 확인 및 소득 증빙이 가능한 근로소득자(나) 최근년도 소득금액증명원 또는 사업소득원천징수영수증(연말정산용) 발급이 가능한 개인사업자(6) 본인 소득만으로 대출한도 부여가 가능한 고객 (배우자 소득합산 불가)다만 다음 각 호의 하나에 해당하는 경우 대출대상에서 제외한다.(1) 외국인 및 재외국민(2) 당행 임직원(3) CSS 10등급 이하인 자(4) 신용관리대상자 및 당행/타금융기관 연체중인 자(5) 신청일 기준 최근 5년 이내 주민등록말소 이력(거주불명등록)이 존재하는 자(6) 대출신청일 기준으로 최근 1년 내 3회 이상 전출 이력이 있는 경우(단, 최근 1년 이상 재직이 증빙되는 근로소득자 및 3년 이상 소득이 증빙되는 사업자는 예외)(7) 대출이동시스템을 통한 타행 상환조건부를 제외한 모든 조건부 대출(예 : 임차목적물 선순위 말소조건부 등)(8) 임대차 계약이 임차인 또는 임대인 대리에 의한 계약인 경우(9) 공동임차인이 있거나 연대보증인을 입보해야하는 경우(10) 대상목적물이 미등기 건물인 경우(11) 임차목적물의 주택가격 산정 방법 중 공사가 선정한 감정평가기관의 감정평가서를 대출 신청인에게 제출받아 주택가격을 산정하고자 하는 경우(12) 채권양도 “통지” 外 방식으로 채권보전조치가 필요한 경우(13) 규제대상아파트 보유자로서 실수요 예외 인정사유에 해당하여 취급하는 경우(14) 본 건 이외 진행중인 다른 대출이 있는 경우(15) 배우자가 분양권(입주권)을 보유한 경우"
29,신용대출,신용대출 장기분할상환 전환제도,상품특징만기도래시 연체발생 우려가 있는 대출 또는 원리금 연체기간이 90일 미만인 일시상환 대출을 상환부담을 완화할 수 있는 분할 신용대출로 전환,대출신청자격개인신용평가시스템(CSS) 등에 의해 산출된 의무상환금액(잔액 X 의무상환비율(최대 20%))만큼을 상환한 신용관리정보 등록이 없는 고객
30,전월세/반환보증,정책서민금융 이용자 특례보증 전세자금대출,"상품특징새희망홀씨, 햇살론 등 정책서민금융 성실상환 고객에게 우대금리(연 0.3%p)를 제공하는 전세자금대출서민금융진흥원 홈페이지(www.kinfa.or.kr)에서 「정책서민금융 성실상환 증명서」 발급 후 신청하세요!","대출신청자격대출신청일 현재 연소득 4천5백만원 이하인 정책서민금융상품 성실상환자로서 임차보증금 수도권 7억원(그 외 지역 5억원) 이하인 임대차 계약을 체결하고 임차보증금의 5% 이상을 계약금으로 지급한 민법상 성년인 세대주 또는 세대주로 인정되는 고객 중 '주택금융신용보증서'가 발급되는 고객본인과 배우자(결혼예정자 포함)의 합산 주택수가 1주택* 이내인 경우* 보유 중인 주택이 2020.7.10일 이후 투기지역 또는 투기과열지구 내 소재한 주택으로서 취득시점 주택가액이 3억원을 초과하는 아파트를 구입한 경우에는 대출대상에서 제외. 단, 실수요 요건을 증빙하는 경우 신청 가능※ 정책서민금융상품 성실상환자 : 정책서민금융상품(햇살론, 미소금융, 새희망홀씨, 바꿔드림론 등)을 연체없이 9회 이상 상환하거나 최근 3년 이내 상환 완료한 고객"
31,담보대출,KB 그린리모델링 협약대출(가계),"상품특징주택소유주가 에너지 성능 개선 공사비를 은행에서 대출 받은 뒤 정부로부터 이자지원을 받는 대출상품주택소유주가 「그린리모델링 사업자」를 선정하여 「그린리모델링 창조센터」로 사업신청 후 사업이(리모델링 공사)완료되면 사업(변경)확인서 및 사업완료 확인서를 발급 받아 은행에 대출신청(사업완료 후 3개월 초과시 대출신청불가)※ 그린리모델링 창조센터 : 접수문의 연락처 1588-8788,, 홈페이지 www.greenremodeling.or.kr",대출신청자격「그린리모델링 창조센터」로부터 '사업(변경)확인서 및 사업완료 확인서'를 발급받은 만 19세 이상 주택소유자로서 KB국민은행 대출심사기준을 통과하고 '주택금융신용보증서'가 발급되는 고객
32,담보대출,한국주택금융공사 U-보금자리론,상품특징- 한국주택금융공사가 사전에 양수 적격 여부를 심사하여 고객의 대출금리를 낮춘 장기 고정금리 상품으로 향후 금리 변동의 위험을 피하고자 하는 고객에게 적합한 상품,"대출신청자격- 민법상 성년으로 무주택자(채무자와 배우자 기준)로서 부부합산 연소득이 7천만원 이하인 대한민국 국민, 주민등록을 한 재외국민 및 외국국적동포- 단, 아래의 경우 해당 소득 금액 이내로 적용하며, 전세사기 피해자는 소득제한 없음ㅇ 신혼가구 : 85백만원ㅇ 1자녀가구 : 80백만원ㅇ 2자녀가구 : 90백만원ㅇ 다자녀가구 : 1억원☞ 전세사기피해자 중 전세사기 피해주택을 처분조건부로 대출을 신청한 경우 일시적 2주택자도 취급 가능"
33,담보대출,당타행 예부적금 등 유가증권 담보대출,"상품특징은행이 인정하는 금융기관(은행)의 예·부·적금 등 및 국채·지방채·공채, 은행발행 양도성예금증서(CD)·표지어음·환매조건부채권(RP)을 거래하는 고객이 이를 담보로 대출 실행","대출신청자격은행이 인정하는 금융기관(은행)의 예·부·적금 등 및 국채·지방채·공채, 은행발행 양도성예금증서(CD)·표지어음·환매조건부채권(RP)에 한하여 담보로 제공하는 고객(후순위채권, 신종자본증권은 담보로 취득할 수 없음)"
34,집단중도금/이주비대출,집단 중도금대출,상품특징복잡한 집단대출 접수현장에서 벗어나 365일 24시간 언제 어디서나 신청 가능한 비대면 중도금 대출 (*23:50부터 다음날 00:10까지는 전산점검 등으로 대출신청 제한),대출신청자격분양계약서 상 계약금 전액을 자기자금으로 납부한 수분양자(또는 지자체 조합원 명부에 등재된 조합원)
35,신용대출,KB 브릿지보증대출,상품특징지역신용보증재단의 보증서 대출을 이용중인 당행 폐업 개인사업자 고객의 채무부담 경감 및 재창업을 위한 재기지원을 위한 대출상품,"대출신청자격당행 지역신용보증재단의 보증서 사업자대출을 보유중인 폐업사업자(개인사업자)로서, 지역신용보증재단의 브릿지보증서 발급을 승인받은 고객"
36,전월세/반환보증,KB스타 전세자금대출(갈아타기)(HF_한국주택금융공사),상품특징한국주택금융공사 보증서 담보로 지원하는 비대면 전용 전세대출상품,"대출신청자격「대출이동시스템」에 참여하는 타 금융기관의 ‘한국주택금융공사(HF)’ 전세자금 대출을 당행으로 전액 대환(차주 보유 전세자금대출이 1건인 경우만 가능) 신청하고, '한국주택금융공사' 보증서 발급이 가능하며, 다음 각 호의 요건을 모두 충족한 민법상 성년인 세대주1. 임차보증금이 수도권 7억원(그 외 지역 5억원) 이하인 임대차계약을 체결한 고객2. 임차보증금의 5% 이상을 지급한 고객3. 본인과 배우자(결혼예정자 포함)의 합산 주택수가 1주택* 이내인 경우* 보유 중인 주택이 2020.7.10일 이후 취득(상속제외)한 투기지역 또는 투기과열지구 소재한 주택으로서, 취득시점 주택가액이 3억원을 초과하는 아파트를 구입한 경우에는 대출대상에서 제외. [※실수요 예외인정 없음]4. 당행 개인신용평가시스템(CSS) 심사기준을 충족하는 고객5. 다음 중 하나에 해당하는 고객(가) 재직사실 확인 및 소득 증빙이 가능한 근로소득자(나) 최근년도 소득금액증명원 또는 사업소득원천징수영수증(연말정산용) 발급이 가능한 개인사업자(다) 무소득자(무직자)6. 공인중개업소를 통해 임대차계약을 체결한 자·임대인이 ‘공공주택사업자’ 또는 ‘공사가 인정한 임대사업자’인 경우 쌍방계약도 가능* 공사가 인정한 임대사업자 : ㈜부영주택, ㈜동광주택, ㈜우남건설, 제일건설㈜, 지에스건설㈜7. 본인 소득만으로 대출한도 부여가 가능한 고객 [※배우자 소득합산 불가]다음 각 항목의 하나에 해당하는 경우, 대출대상에서 제외한다.(1) 대출이동시스템을 통한 타행 상환조건부를 제외한 모든 조건부 대출(예 : 임차목적물 선순위 말소조건부 등)(2) 임대차 계약이 임차인 또는 임대인의 대리에 의한 계약인 경우(3) 공동임차인이 있거나 연대보증인을 입보해야하는 경우(4) 임대인이 미성년자 또는 외국인인 경우(5) 대상 목적물의 소유자가 신탁사인 경우(6) 임차목적물의 주택가격 산정 방법 중 감정평가협회에 등록된 평가기관을 통해 발급한 감정평가서를 대출 신청인에게 제출받아 주택가격을 산정하고자 하는 경우(7) 채권보전조치가 필요한 경우(8) 규제대상아파트 보유자로서 실수요 예외 인정사유에 해당하는 경우(9) 증액 금액이 없는 갱신계약 또는 잔금일 이후 신청한 갱신계약으로서 「DSR 적용대상」에 해당하는 경우(10) 한국주택금융공사 보증 심사 결과 추가 확인사항 또는 심층 심사 대상자인 경우(11) 본 건 이외 진행중인 다른 대출이 있는 경우(12) 배우자가 분양권(입주권)을 보유한 경우"
37,전월세/반환보증,KB WELCOME PLUS 전세자금대출,상품특징서울보증보험 보증부 전세자금 대출로 신규전세자금을 지원하는 대출상품입니다,"대출신청자격국내 거주 및 국내 소득이 3개월 이상 증빙 가능한 만19세이상 외국인 또는 외국국적동포이며 ""서울보증보험증권""이 발급되는 고객으로서 아래의 사항을 모두 충족하는 고객1. 부동산 중개업소를 통하여 주택임대차계약을 체결하고 임차보증금의 5% 이상을 지급한 경우2. 신규대출일 기준 비자 유효기간 3개월 이상인 고객(가입가능 비자유형 정함이 있음)3. 본인과 배우자(결혼예정자 포함)의 합산 주택수가 1주택* 이내인 경우* 보유 중인 주택이 2020.7.10일 이후 투기지역 또는 투기과열지구 내 소재한 주택으로서 취득시점 주택가액이 3억원을 초과하는 아파트를 구입한 경우에는 대출대상에서 제외. 단, 실수요 요건을 증빙하는 경우 신청 가능<서울보증보험(주) 개인금융신용보험증권 가입가능 비자유형>가입가능 비자유형체류자격 비자유형 체류자격 비자유형 체류자격 비자유형외교공무협정문화예술유학기술연수취재종교A-1A-2A-3D-1D-2D-3D-5D-6주재기업투자무역경영구직교수회화지도연구기술지도D-7D-8D-9D-10E-1E-2E-3E-4전문직업특정활동방문동거거주재외동포영주결혼이민방문취업E-5E-7F-1F-2F-4F-5F-6H-2"
38,자동차대출,KB 매직카대출(신차),"상품특징캐피탈 대비 유리한 금리조건으로 신규자동차를 구매하려는 고객을 위한 맞춤상품별도의 취급수수료, 보험료, 근저당설정 부담 없음KB국민카드로 결제시 캐시백 혜택 제공!","대출신청자격신차구입 목적으로 자동차판매회사(대리점)와 매매계약을 체결하고 소득증빙이 가능한 만 19세 이상 개인고객※ 대출대상 : 근로소득자(6개월 이상), 사업소득자(12개월 이상), 연금소득자※ 대상차종 : 승용차, 승합차, 화물차(5톤 이하) 및 대형이륜자동차(260CC초과)(개인택시, 캠핑카 및 카라반, 수입차 포함)"
39,신용대출,KB 안전망대출II [2023.1.31 판매중단],상품특징법정최고금리 인하에 따라 연20%초과 고금리 대출 만기 시 재이용이 어려워진 고객을 지원하기 위하여 「국민행복기금」의 신용보증을 통해 제도권 금융기관의 대출로 전환해주기 위한 한시적 대환상품,"대출신청자격연20% 초과 고금리대출* 이용고객 중 연소득 4천 5백만원 이하이면서 개인신용평점 하위 20% 이하 또는 연소득 3천 5백만원 이하인 고객으로 직업 및 소득이 있으며 국민행복기금 신용보증서 발급이 가능한 만 19세 이상인 고객법정 최고금리 인하일(‘21.7.7) 전 실행된 대출에 한함※ 근로소득자 및 사업소득자 : 재직(사업영위)기간 3개월 이상연금소득자(국민연금, 공무원연금, 군인연금, 사학연금에 한함) : 연금수령 1회 이상"
40,담보대출,임대주택 입주자 특례보증 전세자금대출,상품특징공공임대주택 입주(예정)자를 대상으로 보증한도를 확대(임차보증금의 90%)한 전세자금대출,"대출신청자격임차보증금 수도권 7억원(그 외 지역 5억원) 이하인 임대차계약을 체결하고 임차보증금의 5% 이상을 지급한 민법상 성년인 세대주 중 공공주택사업자 및 한국주택금융공사가 인정한 임대사업자 임대목적물에 입주(예정)자로 당행 대출심사를 통과한 고객본인과 배우자(결혼예정자 포함)의 합산 주택수가 1주택* 이내인 경우* 보유 중인 주택이 2020.7.10일 이후 투기지역 또는 투기과열지구 내 소재한 주택으로서 취득시점 주택가액이 3억원을 초과하는 아파트를 구입한 경우에는 대출대상에서 제외. 단, 실수요 요건을 증빙하는 경우 신청 가능"
41,신용대출,KB 사업자 가계행복대출[2021.03.30 판매중단],"상품특징자영업자 및 프리랜서 고객님들의 가계 생활안정자금 지원을 위한 상품'내맘대로 통장자동대출' 선택 시, 최초 약정한 금액 범위 내에서 사용한도의 자유로운 증액과 감액이 가능하며, 추가 우대금리가 제공됩니다.","대출신청자격다음 중 어느 하나에 해당하는 고객① 사업자등록증을 소지하고 현재 사업을 영위하고 있는 자영업자② 사업소득원천징수 대상자: 보험설계사, 자동차딜러, 학습지교사, 프리랜서, 직업운동가 등"
42,신용대출,KB 직장인든든 신용대출(금융인),"상품특징금융인을 위한'내맘대로 통장자동대출' 선택 시, 최초 약정한 금액 범위 내에서 사용한도의 자유로운 증액과 감액이 가능하며, 추가 우대금리가 제공됩니다.","대출신청자격제1금융기관(시중은행, 특수은행, 외국계은행, 지방은행) 및 금융관련기관 중 금융감독원, 금융결제원, 금융연수원, 전국은행연합회, 신용보증기금(기술, 지역 포함)에 3개월 이상 재직중인 정규직 임직원"
43,자동차대출,KB 매직카대출(중고차 대환),"상품특징다른 금융기관(은행권 제외)에서 받은 중고차할부금융을 KB국민은행으로 대환하고 분할상환하는 대출상품별도의 취급수수료, 보험료, 근저당설정 부담 없음","대출신청자격다른 금융기관(은행권 제외)에서 중고차 구매를 목적으로 받은 자동차할부금융(대출)을 KB국민은행으로 대환하고자 하는 고객으로서 소득증빙이 가능한 만 19세 이상 개인고객※ 대출대상 : 근로소득자(6개월 이상), 사업소득자(12개월 이상), 연금소득자※ 대상차종 : 승용차, 승합차 및 화물차(5톤 이하)(개인택시, 캠핑카 및 카라반, 수입차 포함)☞ 기존 자동차할부금융(대출) 대출실행일은 최초자동차등록일 전·후 30일 이내여야 합니다☞ 본건 대출실행일 기준 대환대출 해당 자동차는 최초자동차등록일로부터 15년 이내이고, 명의이전등록일로부터 5년 이내여야 합니다"
44,주택도시기금대출,신생아 특례 버팀목전세대출,상품특징대출접수일 기준 2년 내 자녀를 출산(입양 포함)한 가구(2023.1.1 이후 출생아부터 적용)를 위한 버팀목 전세자금대출부부합산 총소득이 1억3천만원 이하인 고객에게 임차보증금의 80%이내에서 최고 3억원이내 대출[국토교통부 주택도시기금 포털 바로가기][국토교통부 주택전세 지원마법사 바로가기],"대출신청자격주택임대차계약을 체결하여 임차보증금의 5% 이상 지불하고, 아래의 요건을 모두 갖춘 고객1. 대출신청일 현재 민법상 성년인 세대주주1) 또는 세대주로 인정되는 자주2)주1) 대출실행일로부터 1개월 이내에 세대분가 또는 세대합가로 인한 세대주 예정자 포함주2) 세대주로 인정되는 자ㅇ 세대주의 세대원인 배우자ㅇ 대출신청일로부터 3개월 이내에 결혼으로 인하여 세대주로 예정된 자2. 대출신청일 현재 세대주(예정자)를 포함한 세대원(예정자) 전원이 무주택인 고객3. 대출접수일 기준 2년 내 자녀를 출산(입양 포함)한 가구 (2023.1.1 이후 출생아부터 적용)4. 최근년도 또는 최근 1년간 부부합산 총소득이 1억3천만원 이하인 고객5. 대출신청인 및 배우자의 합산 순자산가액이 통계청에서 발표하는 최근년도 가계금융복지조사의 ‘소득 5분위별 자산 및 부채현황’ 중 소득 3분위 전체가구 평균값 이하인 고객(2022년 기준, 3억 6천 1백만원)※ 증액갱신계약(월세에서 전세로 전환 포함)의 경우, 주민등록등본상 임차목적물에 1년(공공임대주택은 3개월) 이상 거주한 고객(확정일자 필수)☞ 부부합산 총소득이란 차주 및 배우자(대출신청인이 혼인신고를 하지 않은 경우 신생아의 가족관계증명서상 등재된 신생아의 부모, 결혼예정자 포함)의 합산 소득임"
45,담보대출,사회적배려 대상자 특례보증 전세자금대출,상품특징사회적배려 대상자에게 우대금리(연 0.2%p)를 제공하는 전세자금대출,"대출신청자격임차보증금 수도권 7억원(그 외 지역 5억원) 이하인 임대차계약을 체결하고 임차보증금의 5% 이상을 지급한 민법상 성년인 세대주(또는 세대주 인정자)로서 한국주택금융공사의 「주택금융신용보증서」 발급이 가능한 고객국민기초생활수급자, 차상위계층, 중증장애인, 북한이탈주민, 자립아동, 소년소녀가정, 다문화가정, 노부모부양가정, 영구임대주택 입주가구, 소액임차인, 재난피해자 중 하나에 해당하는 고객본인과 배우자(결혼예정자 포함)의 합산 주택수가 1주택* 이내인 경우* 보유 중인 주택이 2020.7.10일 이후 투기지역 또는 투기과열지구 내 소재한 주택으로서 취득시점 주택가액이 3억원을 초과하는 아파트를 구입한 경우에는 대출대상에서 제외. 단, 실수요 요건을 증빙하는 경우 신청 가능대출실행일 기준 잔여 임대차 계약기간이 12개월 이상인 고객"
46,전월세/반환보증,서울특별시 신혼부부 임차보증금대출,상품특징서울특별시의 「신혼부부 임차보증금 지원사업」 융자추천고객을 대상으로이차보전금리를 지원하여 최고 3억원까지 낮은 금리로 이용 가능한 신혼부부 전용 임차보증금 대출서울특별시 「신혼부부 임차보증금 융자지원사업」 모집 공고는 서울주거포털(https://housing.seoul.go.kr/site/main/home)에서 확인하실 수 있습니다.,대출신청자격서울특별시의 융자추천을 받은 신혼부부(혼인기간이 7년 이내이거나 6개월 이내 결혼예정자) 중 부부합산 연소득 1억3천만원이하 민법상 성년인 무주택 세대주 또는 세대주로 인정되는 자로서 임차보증금 7억원 이하인 임대차계약을 체결하고 임차보증금의 5% 이상을 지급한 고객※ 본인 및 배우자(예정자 포함) 무주택자
47,전월세/반환보증,KB 플러스 전세자금대출 Ⅱ,상품특징서울보증보험 보증부 전세자금 대출로 신규전세자금 지원하는 대출상품,"대출신청자격현재 재직중인 직장에서 재직기간이 1년이상 된 민법상 성년인 세대주(단독세대주 포함)로서 ""서울보증보험 증권""이 발급되고 아래의 사항을 모두 충족하는 고객1. 부동산 중개업소를 통하여 주택임대차계약을 체결하고 임차보증금의 5% 이상을 지급한 경우2. 본인과 배우자(결혼예정자 포함)의 합산 주택수가 1주택* 이내인 경우* 보유 중인 주택이 2020.7.10일 이후 투기지역 또는 투기과열지구 내 소재한 주택으로서 취득시점 주택가액이 3억원을 초과하는 아파트를 구입한 경우에는 대출대상에서 제외. 단, 실수요 요건을 증빙하는 경우 신청 가능"
48,주택도시기금대출,청년전용 버팀목전세자금대출,상품특징청년 세대주 및 세대주예정자에게 임차보증금의 80%이내에서 최고 2억원까지 지원[국토교통부 주택도시기금 포털 바로가기][국토교통부 주택전세 지원마법사 바로가기],"대출신청자격만 19세~34세* 이하의 세대주 및 세대주예정자로 주택임대차계약을 체결하여 임차보증금의 5% 이상 지불하고,아래의 요건을 모두 갖춘 고객* 대출신청일 현재 중소기업 또는 중견기업에 재직하거나, 중소벤처기업진흥공단·신용보증기금·기술보증기금으로부터 창업관련 보증 또는 자금 지원을 받은 고객인 경우, 병역법에 따라 병역의무를 이행한 경우 만 34세 종료일로부터 병역 복무기간을 추가하여 최대 만 39세까지 신청 가능ㅇ 단, 중소·중견기업 재직자의 소속기업이 게임업 및 주점 등 사행성업종을 영위하거나 공무원, 공기업 등에 해당하는 경우 제외1. 대출신청일 현재 민법상 성년인 세대주(세대주 예정자 포함) 또는 세대주로 인정되는 자로서 세대주(예정자)를 포함한 세대원(예정자) 전원이 무주택인 고객2. 최근년도 또는 최근 1년간 부부합산 총소득이 5천만원 이하인 고객※ 단, 2자녀(미성년자) 이상 가구·혁신도시 이전 공공기관 종사자·타 지역으로 이주하는 재개발 구역 내 세입자는 6천만원 이하, 신혼가구는 7천5백만원 이하 3. 대출신청인 및 배우자의 합산 순자산가액이 통계청에서 발표하는 최근년도 가계금융복지조사의 ‘소득 5분위별 자산 및 부채현황’ 중 소득 3분위 전체가구 평균값 이하인 고객(2023년 기준, 3억 4천 5백만원)※ 증액갱신계약(월세에서 전세로 전환 포함)의 경우, 주민등록등본상 임차목적물에 1년(공공임대주택은 3개월) 이상 거주한 고객(확정일자 필수)☞ 부부합산 총소득이란 차주 및 배우자(결혼예정자 포함)의 근로소득(상여금 및 수당포함) 및 사업소득을 말함"
49,전월세/반환보증,KB스타 전세자금대출(HF_한국주택금융공사),상품특징전세 신규입주 또는 계약갱신을 하시는 고객님께 최고 임차보증금의 80%까지 한국주택금융공사 보증서 담보로 지원하는 대출상품,"대출신청자격‘한국주택금융공사’ 보증서 발급이 가능하며, 다음 각 호의 요건을 모두 충족한 민법상 성년인 세대주1. 임차보증금이 수도권 7억원(그 외 지역 5억원) 이하인 임대차계약을 체결한 고객2. 임차보증금의 5% 이상을 지급한 고객3. 본인과 배우자(결혼예정자 포함)의 합산 주택보유수*가 1주택 이내인 고객* 보유 중인 주택이 2020.7.10. 이후 취득(상속 제외)한 투기지역 또는 투기과열지구 소재 취득시점 3억원을 초과하는 아파트(이하 “규제대상아파트”라 함) 취득자에 대한 실수요 예외 인정 없음4. 당행 개인신용평가시스템(CSS) 심사기준을 충족하는 고객5. 다음 중 하나에 해당하는 고객(가) 재직사실 확인 및 소득 증빙이 가능한 근로소득자(나) 최근년도 소득금액증명원 또는 사업소득원천징수영수증(연말정산용) 발급이 가능한 개인사업자(다) 무소득자(무직자)6. 공인중개업소를 통해 임대차계약을 체결한 자ㅇ 임대인이 ‘공공주택사업자’ 또는 ‘공사가 인정한 임대사업자’인 경우 쌍방계약도 가능* 공사가 인정한 임대사업자 : ㈜부영주택, ㈜동광주택, ㈜우남건설, 제일건설㈜, 지에스건설㈜7. 본인 소득만으로 대출한도 부여가 가능한 고객(배우자 소득합산 불가위 요건을 모두 충족하고 아래 자격별 요건을 충족하는 경우 신혼부부 또는 다둥이가구 대출대상에 해당한다.1. 신혼부부: 대출신청인과 현재 배우자와의 혼인합산기간이 보증신청일로부터 7년 이내인 신혼부부 및 3개월 이내 결혼예정자2. 다둥이가구: 가족관계증명서상 민법상 미성년자(만 19세 미만)인 자녀가 2인 이상인 가구다음 각 호의 1에 해당하는 경우 대출대상에서 제외한다.(1) 당행 상환조건부를 제외한 모든 조건부 대출(예: 타행 상환조건부, 임차목적물 선순위 말소조건부 등)(2) 임대차 계약이 임차인 또는 임대인의 대리에 의한 계약인 경우(3) 공동임차인이 있거나 연대보증인을 입보해야하는 경우(4) 대상 목적물의 소유자가 신탁사인 경우(5) 임차목적물의 주택가격 산정 방법 중 감정평가협회에 등록된 평가기관을 통해 발급한 감정평가서를 대출 신청인에게 제출받아 주택가격을 산정하고자 하는 경우(6) 채권보전조치가 필요한 경우(7) 본 건 이외 진행중인 다른 대출이 있는 경우(8) 배우자가 분양권(입주권)을 보유한 경우(9) 임대인이 미성년자 또는 외국인인 경우(10) 증액 금액이 없는 갱신계약 또는 잔금일 이후 신청한 갱신계약으로서 「DSR 적용대상」에 해당하는 경우(11) 한국주택금융공사 보증 심사 결과 추가 확인사항 또는 심층 심사 대상자인 경우"
50,신용대출,KB 온국민 신용대출(신규),상품특징증빙소득 발생 직장인 누구나 신청 가능한 비대면 전용 신용대출 상품KB 스타뱅킹에서 간편하게 신규 가능한 비대면 전용 신용대출,"대출신청자격개인신용평가시스템(CSS)에 의해 대출적격자로 판정된 고객으로 재직기간이 1년 이상이면서 연소득 24백만원 이상 소득증빙이 가능한 근로소득자☞ 재직기간은 현직장 재직기간만 인정하며, 전직장 재직기간은 인정하지 않음☞ 건강보험자격득실확인서로 재직을 확인할 수 있는 근로소득자만 대상으로 함"
51,신용대출,KB 햇살론17[2021.07.06 판매중단],상품특징「국민행복기금」의 신용보증을 통한 고금리대출 대안 상품성실상환자 매 1년 마다 국민행복기금 보증료율 인하를 통해 금리부담 경감,"대출신청자격연소득 4천 5백만원 이하이면서 국민행복기금 신용등급 6등급 이하 또는 연소득 3천 5백만원 이하인 고객으로 직업 및 소득이 있으며, 국민행복기금의 신용보증서 발급이 가능한 만 19세 이상인 고객※ 근로소득자 및 사업소득자 : 재직(사업영위)기간 3개월 이상연금소득자(국민연금, 공무원연금, 군인연금, 사학연금에 한함) : 연금수령 1회 이상"
52,신용대출,KB 온국민 신용대출(갈아타기),상품특징증빙소득 발생 직장인 누구나 신청 가능한 비대면 전용 신용대출 상품KB 스타뱅킹에서 대출이동서비스를 통해 간편하게 대환 가능한 비대면 전용 신용대출,"대출신청자격개인신용평가시스템(CSS)에 의해 대출적격자로 판정된 고객으로 재직기간이 1년 이상이면서 연소득 24백만원 이상 소득증빙이 가능한 근로소득자☞ 재직기간은 현직장 재직기간만 인정하며, 전직장 재직기간은 인정하지 않음☞ 건강보험자격득실확인서로 재직을 확인할 수 있는 근로소득자만 대상으로 함"
53,신용대출,에이스(ACE) 전문직 무보증대출,"상품특징전문직에 근무하시는 분들께 무보증으로 간편하게 대출해 드리는 상품입니다.'내맘대로 통장자동대출' 선택 시, 최초 약정한 금액 범위 내에서 사용한도의 자유로운 증액과 감액이 가능하며, 추가 우대금리가 제공됩니다.","대출신청자격일정한 국내자격증을 소지한 현직종사자로서 수의사, 약사, 공인회계사, 세무사, 관세사, 변리사, 기술사, 도선사, 건축사, 법무사, 감정평가사, 공인노무사, 손해사정인* 기사 및 기능사자격증 소지자 제외"
54,신용대출,KB Star*t 신용대출[2019.09.27 판매중단],"상품특징사회에 첫발을 내딛는 새내기 대상 대출로, 우량 업체에 2년 미만 재직중인 신입사원을 위한 신용대출 상품","대출신청자격다음에 해당하는 우량업체에 재직중인 신입사원☞ 공무원/군인(장교 임관예정고객주1) 포함)/교직원: 재직기간 2년미만의 만 35세미만 고객☞ 기타 우량업체주2) : 재직기간 3개월 이상~2년미만의 연 환산소득 2천만원이상인 만 35세미만 고객주1) 장교 임관예정고객 기준- (육/해/공군)사관학교, 3사관학교, 학군단(ROTC)에서 교육중인 장교 임관 3개월 이전 고객주2) 기타우량업체 기준- 제1금융기관 및 기타 금융관련기관 (금융감독원, 금융결제원, 전국은행연합회, 신용보증기금)- 상호출자제한기업집단 및 일반기업 중 상장회사, 코스닥등록업체- 공공기관(공기업, 준정부기관, 기타공공기관, 지방공기업) 및 언론기관- 의료기관 중 병원급 이상- 금융기관 중 투자신탁회사, 종합금융회사, 손해/보증보험회사, 협동조합, 농축수임협단위조합, 새마을금고, 증권거래소, 보험협회, 카드사"
55,담보대출,임대주택중도금대출,상품특징입주자모집공고문상 10년이내에 분양전환이 가능한 임대아파트 분양자에 대한 중도금대출,대출신청자격분양전환 임대아파트에 대하여 임대분양계약을 체결한 고객(총 임대분양대금의 5%이상 계약금액 전액을 납부한 고객)
56,전월세/반환보증,목돈 안드는 행복 주택전세자금대출[2022.9.30판매중단],상품특징신규 전세계약 또는 계약갱신을 하시는 부부합산 연소득 6천만원 이하 무주택 고객님께한국주택금융공사 보증서 담보로 지원하는 대출상품,"대출신청자격주민등록등본상 부양가족이 있는 민법상 성년인 세대주로서 ""주택금융신용보증서""가 발급되는 고객 중 아래 내용을 모두 충족하시는 고객- 주택임대차계약을 체결하고 임차보증금의 5% 이상을 계약금으로 지급- 본인 및 배우자 모두 무주택이며 부부합산 연소득 6천만원 이하- 임차보증금이 수도권은 3억원 이하, 지방은 2억원 이하- 임차보증금 반환채권의 질권설정 또는 채권양도에 대하여 임대인의 동의가 가능하신 분※ 수도권 : 서울특별시, 인천광역시, 경기도 지역"
57,담보대출,KB 일반부동산 담보대출,상품특징일반부동산(주택 제외)을 담보로 신청가능한 대출상품,"대출신청자격일반부동산(상가, 오피스텔, 나대지 등)을 담보로 대출 신청하는 고객☞ 비대면 대출신청은 오피스텔만 가능"
58,담보대출,KB 가업승계기업 상속/증여세 납부자금대출(부동산담보)[2022.9.30 판매중단],상품특징가업승계기업의 후계자에게 상속 및 증여세 납부를 위한 자금을 지원하기 위한 대출상품,대출신청자격당행의 가업승계컨설팅 서비스를 받는 가업승계기업의 후계자
59,신용대출,KB Star 신용대출[2021.08.30 판매중단],"상품특징현직장 12개월이상 재직중인 근로소득자 및 KB국민은행 주거래고객을 대상으로 신청 가능한 비대면 전용 신용대출상품간편하게 대출신청이 가능하며, 복잡한 우대금리 조건없이 대출금리 적용",대출신청자격현직장 12개월이상 재직중인 근로소득자 및 KB국민은행 주거래고객 중 KB국민은행 개인신용평가시스템(CSS)에 의해 대출한도가 산정되는 고객
60,신용대출,KB 스마트 직장인대출[2019.09.27 판매중단],"상품특징비상장 대기업 및 일반 상장기업, 금융기관, 병원 등 우량업체 재직 임직원을 위한 신용대출'내맘대로 통장자동대출' 선택 시, 최초 약정한 금액 범위 내에서 사용한도의 자유로운 증액과 감액이 가능하며, 추가 우대금리가 제공됩니다.","대출신청자격다음에 해당하는 우량업체(기관)에 1년이상 재직중인 임직원☞ 상호출자제한기업 중 비상장회사☞ 일반기업 중 상장회사, 코스닥업체☞ 언론기관(전국일간지 및 방송3사 제외)☞ 의료기관 중 병원급 이상☞ 금융기관 중 증권회사, 투자신탁회사, 종합금융회사, 생명/손해/보증보험회사, 상호저축은행, 협동조합, 농·축·수·임협 단위조합, 새마을금고, 증권거래서, 보험협회, 카드사"
61,신용대출,KB 주거래고객 우대대출[2019.02.27 판매중단],상품특징KB국민은행 거래실적에 따라 대출한도를 산정하여 서류제출 없이 받을 수 있는 인터넷 / KB스타뱅킹 전용 신용대출KB스타클럽 고객등급에 따른 우대금리 제공,"대출신청자격KB스타클럽 MVP스타, 로얄스타, 골드스타 고객으로서 KB국민은행 개인신용평가시스템(CSS)에 의해 대출한도가 산정되는 고객"
62,담보대출,KB임대보증금반환자금보증대출,상품특징임차인에게 임대보증금을 반환하기 위한 자금을 임대인에게 지원하는 대출상품,"대출신청자격임대차계약의 기간 만료(임대차계약 기간 만료 후 동일한 주택에서 동일한 임차인과 임대보증금을 인하하여 계약갱신하는 경우 포함) 등으로 임차인에게 임대보증금을 반환하기 위하여 대출을 받고자 하는 임대인으로 「주택금융신용보증서」가 발급되는 개인※ 임대인이 이미 임차인에게 임대보증금을 반환한 경우나 대상 주택 또는 대출신청인 및 배우자가 소유한 거주지의 부동산등기사항전부증명서에 소유권의 권리침해(압류, 가압류, 경매 등)가 있는 경우는 대출대상에서 제외됩니다.대출신청일 현재 임차인이 대상주택에 대항력(확정일자 및 전입)을 유지하고 있어야 합니다.※ 임차인이 임차권 등기 또는 전세권을 설정한 후 전출하였다면 전입 유지한 것으로 간주"
63,신용대출,KB 비상금대출,상품특징서울보증보험㈜ 개인금융신용보험증권 담보 소액신용대출,대출신청자격서울보증보험㈜의 개인금융신용보험증권 발급가능한 만19세 이상 내국인
64,신용대출,KB 개인택시 행복대출,상품특징개인택시 사장님께 생활자금을 지원하는 개인택시사업자 전용 대출상품서울보증보험(주) 보험증권을 통해 저렴한 대출금리와 한도 제공(보험료 은행부담),"대출신청자격개인택시 영업중인 사업자(휴·폐업자 제외)로서 서울보증보험(주) 보험증권 발급이 가능한 개인 고객※ 서울보증보험(주) 보험증권 발급 대상자- 개인택시면허(택시운전자격) 소지자로서 본인차량을 소유한 고객- 개인택시 차량에 소유권 권리침해 또는 근저당권 설정이 없는 고객* 단 아래에 해당하는 경우에는 제한사항으로 보지 않음1) 택시 구입관련 금융기관 근저당설정(단, 대출실행일 및 근저당권 설정일이 자동차등록일 전후 30일 이내인 경우에 한함)2) 택시 영업관련 LPG충전소 근저당설정(단, 근저당권 설정액이 3백만원 이하이고, 근저당권자가 충전소 사업자와 일치하는 경우에 한함)"
65,주택도시기금대출,오피스텔구입자금대출,상품특징전용면적 60㎡ 이하의 오피스텔을 구입하려는 부부합산 총소득 6천만원 이하인 자에게 호당 7천만원(다자녀가구 7천5백만원) 이내에서 지원[국토교통부 주택도시기금 포털 바로가기][국토교통부 오피스텔구입 지원마법사 바로가기],"대출신청자격오피스텔 구입을 계획 중이며, 다음의 요건을 모두 구비한 고객1. 대출신청일 현재 민법상 성년이며, 부양가족이 있는 세대주(만 30세 이상은 단독세대주도 가능, 만 30세 미만 미혼세대주는 직계존속 중 1인이상과 동일세대를 구성하는 경우 주민등록표 상 합가일이 6개월 이상인 자)또는 세대주로 인정되는 자로서 세대주를 포함한 세대원 전원이 무주택인 자2. 최근년도 또는 최근 1년간 부부합산 총소득이 6천만원 이하인 자3. 대출신청인 및 배우자의 합산 순자산가액이 통계청에서 발표하는 최근년도 가계금융복지조사결과의 ‘소득 5분위별 자산 및 부채현황’ 중 소득 4분위 전체가구 평균값 이하인 자(2023년 기준, 4억 6천 9백만원)※ 부부합산 총소득이란 차주 및 배우자(결혼예정자 포함)의 근로소득(상여금 및 수당 포함) 및 사업소득을 말함"
66,담보대출,주택담보대출 채무조정 전환제도,상품특징기존의 가계주택담보대출을 만기연장 및 상환부담을 완화할 수 있는 대출로 전환,대출신청자격대출신규일로부터 1년이상 경과된 가계주택담보대출 보유고객
67,담보대출,KB스타 아파트담보대출(구입자금),상품특징KB 스타뱅킹 전용 아파트 담보대출,"대출신청자격KB시세정보가 제공되는 본인명의 또는 배우자와의 공동명의 아파트를 담보로 제공하여 대출을 신청하는 소득확인 가능고객※ 단 아래 항목의 1에 해당하는 경우 대출대상에서 제외됩니다.(1) 대출신청인이 미성년자인 경우(2) 대출신청인이 외국인, 시민권자, 영주권자, 재외국민인 경우☞ 외국인 등 전자등기 접수진행의 어려움으로 인하여 불가(3) 세입자 퇴거/ 직권말소 조건인 일반자금대출(4) 근저당권 계속사용(원용)하는 공동명의 물건에 대한 대출(5) 등기필정보가 없는 (구)등기권리증 물건을 담보로 신청하는 경우(6) 인터넷 전자등기 적용대상이 아닌 경우☞ 확인서면(설정등기접수서류) 진행, 미등기 주택담보대출 등(7) 본건 이외 진행중인 다른 대출(주)이 있는 경우(주) 가계여신 중 신규, 한도증액, 채무자변경 진행중인 대출(8) 기타 비대면채널을 통한 대출 진행이 부적합하다고 비대면 심사전담조직에서 판단한 경우☞ 고객이 비대면채널을 통한 대출신청 시 대출대상 여부를 점검하는 절차를 수행하고 대출대상이 아닌 건으로 판단되는 경우에는 영업점 창구를 통한 대출신청을 안내합니다."
68,신용대출,KB 징검다리론,상품특징정책 서민금융상품을 성실하게 상환한 고객을 대상으로 생활안정자금을 지원하는 신용대출 상품,"대출신청자격대출신청일 현재 4대 서민금융상품[KB새희망홀씨Ⅱ(긴급생계자금 제외), KB바꿔드림론, 햇살론, 미소금융]을 성실하게 상환한 고객 중 소득서류제출이 가능하고, 다음 각 항목에 모두 해당 하는 고객(1) 4대 서민금융상품을 성실상환 후 완제하거나, 2년 이상 대출금액의 75%(계좌기준)이상을 성실상환중인 고객(2) 대출신청일 기준 개인신용평점 하위 20% 이상 고객"
69,신용대출,KB 가업승계기업 상속/증여세 납부자금대출(신용)[2022.9.30 판매중단],상품특징가업승계기업의 후계자에게 상속 및 증여세 납부를 위한 자금을 지원하기 위한 대출상품,대출신청자격당행의 가업승계컨설팅 서비스를 받는 가업승계기업의 후계자
70,전월세/반환보증,서울특별시 청년 임차보증금대출,상품특징서울특별시의 「청년 임차보증금대출 지원사업」 융자추천고객을 대상으로이차보전금리(3.0%p)를 지원하여 낮은 금리로 이용 가능한 임차보증금 대출상품청년들의 더 나은 주거환경과 소득 대비 높은 주거비 부담을 완화하기 위한 서울특별시의 청년 임차보증금 이자지원 사업상세자격 요건 및 신청방법은 서울시 홈페이지(http://seoul.go.kr) 또는 서울주거포털(https://housing.seoul.go.kr/site/main/home)에서 확인하실 수 있습니다.,"대출신청자격서울특별시의 융자추천을 받은 고객 중 임대차보증금 3억원 이하, 월세 70만원 이하의 임대차계약을 체결하고 임차보증금의 5% 이상을 계약금으로 지급한 민법상 성년인 세대주 또는 세대주로 인정되는 자로서 「주택금융신용보증서」가 발급되는 고객※ 세대주 인정기준1) 세대주와 동일세대를 이루고 있는 세대원인 “배우자, 직계존비속 및 그의 배우자,본인 및 배우자의 형제자매, 배우자의 직계존비속 및 그의 배우자” 중 하나에 해당하시는 고객2) 대출신청일로부터 3개월(신청일 해당일 포함) 이내 결혼예정인 자"
71,주택도시기금대출,수익 공유형 모기지 대출,"상품특징주택가격 6억원 이하 주택을 구입하려는 부부합산 총소득 6,000만원(생애최초 주택구입자는 7,000만원 )이하인 자에게 호당 2억원 이내에서 지원[국토교통부 주택도시기금포털 바로가기]","대출신청자격다음 요건을 모두 갖춘 무주택 세대주1. 대출신청일 현재 민법상 성년이며, 부양가족 있는 세대주(만 30세이상은 단독세대주도 가능) 또는 세대주로 인정되는 자로서 세대주를 포함한 세대원 전원이 신청일로부터 5년 이상 무주택인 자(생애최초 주택구입자는 생애 전 기간 무주택)2. 최근년도 또는 최근 1년간 부부합산 총소득이 6,000만원 이하인 자(생애최초 주택구입자는 7,000만원 이하)3. 대출신청인 및 배우자의 합산 순자산가액이 통계청에서 발표하는 최근년도 가계금융복지조사결과의 '소득 5분위별 자산 및 부채현황' 중 소득 4분위 전체가구 평균값 이하인 자(2023년 기준, 4억 6천 9백만원)※ 부부합산 총소득이란 차주 및 배우자(결혼예정자 포함)의 근로소득(상여금 및 수당포함) 및 사업소득을 말함"
72,신용대출,KB 직장인든든 신용대출(공무원/교직원),"상품특징정규직 공무원 및 교직원 대상'내맘대로 통장자동대출' 선택 시, 최초 약정한 금액 범위 내에서 사용한도의 자유로운 증액과 감액이 가능하며, 추가 우대금리가 제공됩니다.","대출신청자격정규직 공무원(최종합격자 포함), 군인(장교 및 군무원), 교사, 재직기간 3개월 이상 교직원☞ 정규직 공무원, 군인, 교사는 재직기간 관계없음"
73,신용대출,KB 사업자든든 신용대출,"상품특징자영업자 및 프리랜서 고객님들의 가계 생활안정자금 지원을 위한 상품'내맘대로 통장자동대출' 선택 시, 최초 약정한 금액 범위 내에서 사용한도의 자유로운 증액과 감액이 가능하며, 추가 우대금리가 제공됩니다.","대출신청자격다음 중 어느 하나에 해당하는 고객① 사업자등록증을 소지하고 현재 사업을 영위하고 있는 자영업자② 사업소득원천징수 대상자: 보험설계사, 자동차딜러, 학습지교사, 프리랜서, 직업운동가 등"
74,주택도시기금대출,신생아 특례 디딤돌대출,"상품특징대출접수일 기준 2년 내 자녀를 출산(입양 포함. 단, 대출접수일 기준 입양아 나이는 만2살 미만이어야 함)한 가구(2023.1.1 이후 출생아부터 적용)를 위한 주택구입자금대출주택가격 9억원 이하 주택을 구입하려는 부부합산 연소득 1억3천만원 이하인 고객에게 최고 5억원이내 대출※ 신청자격별 대출 대상주택 및 대출한도는 상세내용 참조[국토교통부 주택도시기금 포털 바로가기][국토교통부 주택구입 지원마법사 바로가기]","대출신청자격대출대상 주택을 구입하고자 하는 고객으로 다음 요건을 모두 갖춘 고객1. 대출접수일 현재 민법상 성년이며, 신생아 출산 가구 (신생아 출산 가구: 대출접수일 기준 2년 내 자녀를 출산(입양 포함)한 가구 (2023.1.1 이후 출생아부터 적용))의 세대주 또는 세대주로 인정되는 자로서, 세대주를 포함한 세대원 전원이 대출접수일 현재 무주택인 분 (생애최초주택구입자는 생애 전 기간 무주택))※ 세대주 및 세대원 중 분양권 및 조합원 입주권을 보유하고 있는 경우 유주택자로 적용단, 2018.9.13 이전 해당 분양권 및 조합원 입주권을 보유한 후 처분하여 주택취득 이력이 없는 경우 무주택자로 봅니다.※ 기존 주택담보대출의 대환대출의 경우에는 1주택 세대주도 무주택자에 포함2. 최근년도 또는 최근 1년간 부부합산 연소득이 1억 3천만원 이하인 분☞ 부부합산 총소득이란 차주 및 배우자(대출신청인이 혼인신고를 하지 않은 경우 신생아의 가족관계증명서상 등재된 신생아의 부모, 결혼예정자 포함)의 합산 소득임3. 대출신청인 및 배우자의 합산 순자산가액이 통계청에서 발표하는 최근년도 가계금융복지조사결과의 ‘소득 5분위별 자산 및 부채현황’ 중 소득 4분위 전체가구 평균값 이하인 자(2023년 기준, 4억 6천 9백만원)"
75,담보대출,KB 적격전환대출,상품특징당행 1년 경과된 주택담보대출 차주의 원금상환 부담을 경감하기 위하여 당행의 기존대출 잔액범위 이내에서 대환 취급하고 주택금융공사로 유동화 하는 상품,"대출신청자격대출신청일 현재 채무자와 배우자의 총 주택 보유수가 본건 담보주택을 제외하고 무주택이며, 부부합산 연소득이 6천만원 이하"
76,주택도시기금대출,주거안정월세대출,"상품특징무주택 세대주로서 취업준비생 또는 희망키움통장가입자, 근로/자녀장려금 수급자, 사회초년생, 주거급여 수급자, 부부합산 연소득 5천만원 이하인 고객에게 월세금액 이내에서 2년간 최고 1,440만원(매월 60만원 이내)까지 최장 10년 동안 월세자금 지원[국토교통부 주택도시기금 포털 바로가기]","대출신청자격대출신청일 현재 세대주를 포함한 세대원(예정자) 전원이 무주택인 세대주주) (대출신청인 및 배우자의 합산 순자산가액이 통계청에서 발표하는 최근년도가계금융 복지조사의 ‘소득 5분위별 자산 및 부채현황’ 중 소득 3분위 전체가구 평균값 이하인 자 - 2023년 기준, 3억 4천 5백만원)로서, 다음 중 하나에 해당하는 고객주) 대출실행일로부터 1개월 이내에 세대분가 또는 세대합가로 인한 세대주 예정자 포함가. 우대형 (다음 중 하나에 해당하는 고객)▶ 취업준비생: 부모와 따로 거주하는 자 또는 독립하려고 하는 자 중 대출신청일 현재 만 35세 이하의 무소득자로서 최근년도 부모 연소득이 6천만원 이하인 고객▶ 희망키움통장 가입자▶ 근로/자녀장려금 수급자: 대출신청일 기준 최근 1년 이내 근로/자녀장려금 수급사실이 인정되는 수급자 중 세대주(세대주로 인정되는 자 포함)인 고객▶ 사회초년생(취업 후 5년 이내): 대출신청일 현재 만 35세 이하로서 최근년도 부부합산 연소득이 4천만원 이하인 고객▶ 주거급여 수급자: 대출신청일 현재 주거급여 수급자 중 세대주(세대주로 인정되는 자 포함)인 고객* 주거급여: 기초생활보장제도 내 주거급여를 개편, 소득·주거형태·주거비 부담수준 등을 종합적으로 고려하여 저소득층의 주거비를 지원하는 제도나. 일반형▶ 최근년도 부부합산 연소득 5천만원 이하로서 우대형에 해당하지 않는 고객※ 부부합산 연소득이란 차주 및 배우자(결혼예정자 포함)의 근로소득(상여금 및 수당포함) 및 사업소득을 말함"
77,신용대출,KB STAR CLUB 신용대출,"상품특징KB 국민은행과 거래하는 STAR CLUB 고객을 위한 우수고객 전용 상품입니다.'내맘대로 통장자동대출' 선택 시, 최초 약정한 금액 범위 내에서 사용한도의 자유로운 증액과 감액이 가능하며, 추가 우대금리가 제공됩니다.",대출신청자격KB 국민은행과 거래하는 베스트 이상의 STAR CLUB 고객으로서 대출적격자로 판정된 고객
78,전월세/반환보증,KB 다둥이 전세자금대출,상품특징전세 신규입주 또는 계약갱신을 하시는 고객님께 임차보증금의 90%까지 한국주택금융공사 보증서 담보로 지원하는 대출상품다둥이 우대금리 0.15%를 최초 대출기간 만료일까지 추가 적용,"대출신청자격민법상 미성년자(만 19세 미만)인 자녀가 2인 이상인 다둥이가구로서 아래 내용을 모두 충족하는 민법상 성년인 세대주 또는 세대주로 인정되는 고객(1) 임차보증금 수도권 7억원(그 외 지역 5억원) 이하(2) 임차보증금의 5% 이상 지급(3) 본인과 배우자(결혼예정자 포함)의 합산 주택수가 1주택* 이내인 경우* 보유 중인 주택이 2020.7.10일 이후 투기지역 또는 투기과열지구 내 소재한 주택으로서 취득시점 주택가액이 3억원을 초과하는 아파트를 구입한 경우에는 대출대상에서 제외. 단, 실수요 요건을 증빙하는 경우 신청 가능"
79,신용대출,"군인생활안정자금대출
(KB i-STAR 군인생활안정자금대출)",상품특징군인들을 위한 신용대출,"대출신청자격3년이상 복무한 중사 이상의 현역군인(육군/해군/공군/해병대)으로 국군재정관리단장 발급 「군인생활안정자금 대출추천서」로 대출을 신청하는 고객※ 단, 신청일 현재 당행 급여이체 1개월(1회)미만 또는 90일이내 전역예정 고객 제외"
80,전월세/반환보증,징검다리전세자금보증 주택전세자금대출,상품특징제2금융권 전세자금대출을 전액 상환하기 위해 주택금융신용보증서를 담보로 한 대출,"대출신청자격임차보증금이 수도권 7억원(그 외 지역 5억원) 이하인 임대차계약을 체결하고, 임차보증금의 5% 이상을 계약금으로 지급한 민법상 성년인 세대주 또는 세대주로 인정되는 자로서 「주택금융신용보증서」가 발급되는 고객본인과 배우자(결혼예정자 포함)의 합산 주택수가 1주택* 이내인 경우* 보유 중인 주택이 2020.7.10일 이후 투기지역 또는 투기과열지구 내 소재한 주택으로서 취득시점 주택가액이 3억원을 초과하는 아파트를 구입한 경우에는 대출대상에서 제외. 단, 실수요 요건을 증빙하는 경우 신청 가능부부합산 연소득 7천만원 이하의 전세거주자로서 제2금융권 전세자금대출을 정상 이용중인 자로 본건 지원을 통해 전액 상환이 가능한 자대출실행일 기준 잔여 임대차 계약기간이 12개월 이상인 고객"
81,주택도시기금대출,(비대면신청)내집마련디딤돌대출,"상품특징영업점 방문 없이 비대면으로 신청 가능고객님의 정보에 맞추어 고객님께 맞는 내집마련디딤돌대출 추천※각 상품별 세부 내용은 아래 상품안내를 참고해주시기 바랍니다.※일부 가입조건은 비대면을 통한 신청이 제한될 수 있으며, 영업점을 통한 신청만 가능합니다.[내집마련디딤돌대출(일반, 생애최초신혼) 상품안내 바로가기][국토교통부 주택도시기금 포털 바로가기][국토교통부 주택구입 지원마법사 바로가기]","대출신청자격대출대상 주택을 구입하고자 하는 고객으로 다음 요건을 모두 갖춘 고객1. 대출신청일 현재 민법상 성년이며, 부양가족 있는 세대주(만 30세 이상은 단독세대주도 가능) 또는 세대주로 인정되는 자로서, 세대주를 포함한 세대원 전원이 신청일 현재 무주택인 분 (생애최초주택구입자는 생애 전 기간 무주택)※ 세대주 및 세대원 중 분양권 및 조합원 입주권을 보유하고 있는 경우 유주택자로 적용단, 2018.9.13 이전 해당 분양권 및 조합원 입주권을 보유한 후 처분하여 주택취득 이력이 없는 경우 무주택자로 보고, 생애최초 주택구입자로 적용2. 최근년도 또는 최근 1년간 부부합산 연소득이 6천만원 이하인 분 (생애최초 주택구입자 □ 2자녀(미성년자) 이상인 가구는 7천만원 이하, 생애최초로 주택을 구입하는 신혼가구 □ 신혼가구(LH 신혼희망타운 분양계약자 중 만6세이하 자녀가 있는 혼인가구 포함)는 8천5백만원 이하)3. 대출신청인 및 배우자의 합산 순자산가액이 통계청에서 발표하는 최근년도 가계금융복지조사결과의 ‘소득 5분위별 자산 및 부채현황’ 중 소득 4분위 전체가구 평균값 이하인 자(2023년 기준, 4억 6천 9백만원)"
82,전월세/반환보증,[특판] KB 든든 전세금안심대출,상품특징주택도시보증공사의 「전세보증금반환보증」과 「전세자금대출특약보증」을 가입하여 전세계약 만료시 임차보증금을 안전하게 보장받고 대출금 지원도 가능한 전세자금대출 상품,"대출신청자격민법상 성년인 세대주(단독세대주 포함)로서 주택도시보증공사의 「전세보증금반환보증」 과 「전세자금대출특약보증」가입이 가능하고 아래의 사항을 모두 충족하는 고객1. 부동산 중개업소를 통하여 임차보증금이 수도권 7억원 이하(그 외 지역은 5억원 이하)의 주택임대차계약을 체결하고 임차보증금의 5% 이상을 지급한 경우 2. 본인과 배우자(결혼예정자 포함)의 합산 주택수가 1주택* 이내인 경우 * 보유 중인 주택이 2020.7.10일 이후 투기지역 또는 투기과열지구 내 소재한 주택으로서 취득시점 주택가액이 3억원을 초과하는 아파트를 구입한 경우에는 대출대상에서 제외. 단, 실수요 요건을 증빙하는 경우 신청 가능"
83,신용대출,서울특별시 노원구 협약대출,상품특징서울특별시 노원구 융자추천 대상자에게 연2.0% 확정금리를 제공하는 신용대출,대출신청자격서울특별시 노원구로부터 융자추천을 받은 고객 중 당행 개인신용평가시스템(CSS) 심사기준을 충족하는 고객
84,전월세/반환보증,KB 군 간부 전세자금대출(기본),상품특징국방부의 “군 간부 전세대부 이자지원 사업” 에 따른 전세자금 대출상품,"대출신청자격부동산중개업소를 통하여 주택임대차계약을 체결하고 관리부대로부터 대출추천을 받은 군 간부로서 서울보증보험㈜의 ‘개인금융신용보험증권’ 발급이 가능한 고객※ 임대인 자격 : 임차목적물을 소유한 개인, 공공주택사업자, ㈜부영주택※ 보증금과 월세 대부 추천을 동시에 받은 경우 급지별 대부 지원 상한액의 10% 이상 보증금을 설정한 보증부월세 임대차계약에 한합니다."
85,담보대출,KB COFIX연동 모기지론,"상품특징시장금리 상승을 예상하는 경우 및 안정적인 장기대출금리를 원하는 고객:『잔액기준 COFIX연동금리』선택이 일반적으로 유리시장금리 하락을 예상하는 고객:『신규취급액기준 COFIX연동금리』선택이 일반적으로 유리▣ COFIX(자금조달비용지수)란?: COFIX(Cost of Funds Index)는 국내 9개 은행(정보제공은행)들이 제공한 자금조달 관련 정보를 기초 로 하여 산출되는 자금 조달비용 지수로서, ""잔액기준 COFIX""와 ""신규취급액기준 COFIX""로 구분됩니다. (매월 15일 전국은행연합회 홈페이지 www.kfb.or.kr 공시)☞ 잔액기준 COFIX : 정보제공은행들의 월말 지수산출대상 자금조달 잔액에 적용된 금리를 가중평균한 금리 지수☞ 신규취급액기준 COFIX : 정보제공은행들이 월중 신규로 조달한 지수산출대상 자금에 적용된 금리를 가중 평균한 금리지수",대출신청자격주택을 담보로 대출 신청하는 고객(주택구입/신축/경락주택구입자금대출 및 통장자동대출 포함)
86,신용대출,KB i-star 직장인 신용대출(본부승인대출),상품특징KB 국민은행에서 우량업체 신용대출로 승인된 대상기업으로 임직원대출 협약을 맺은 기업체 임직원을 대상으로 대출한도 및 대출금리를 우대해 주는 신용대출,대출신청자격우량업체 신용대출 대상기업에 재직중인 임직원
87,전월세/반환보증,KB 부분분할 전세자금대출,"상품특징대출금액 5% 이상 분할상환을 통해 무주택자의 자산형성 및 연말정산 소득공제(주택임차차입금 원리금 상환액공제) 지원보증비율 100%, 고객부담 보증료 우대(최저 보증료율 0.05% 적용)",대출신청자격아래 내용을 모두 충족하는 민법상 성년인 세대주 또는 세대주로 인정되는 고객(1) 임차보증금 수도권 7억원(그 외 지역 5억원) 이하(2) 임차보증금의 5% 이상 계약금 지급(3) 본인과 배우자(결혼예정자 포함)가 모두 무주택자
88,담보대출,KB 주택담보대출,상품특징혼합금리와 변동금리 중 선택이 가능한 주택담보대출,대출신청자격주택을 담보로 대출 신청하는 고객(주택구입/신축/경락주택 구입자금대출 및 통장자동대출 포함)
89,전월세/반환보증,국민주택기금 만기대환 주택전세자금대출,상품특징주택도시기금 전세자금대출 만기 대환을 위한 전세자금 대출상품,"대출신청자격임차보증금이 수도권 7억원(그 외 지역 5억원) 이하인 임대차계약을 체결하고, 임차보증금의 5% 이상을 지급한 민법상 성년인 세대주 또는 세대주로 인정되는 자로서 주택금융신용보증서가 발급되는 고객본인과 배우자(결혼예정자 포함)의 합산 주택수가 1주택* 이내인 경우* 보유 중인 주택이 2020.07.10일 이후 투기지역 또는 투기과열지구 내 소재한 주택으로서 취득시점 주택가액이 3억원을 초과하는 아파트를 구입한 경우에는 대출대상에서 제외. 단, 실수요 요건을 증빙하는 경우 신청 가능KB국민은행에서 취급한 주택도시기금 버팀목 전세자금대출 보유고객이 동 대출의 만기도래로 본 상품으로 대환하고자 하는 고객"
90,전월세/반환보증,KB스타 전세자금대출(HUG_주택도시보증공사),상품특징주택도시보증공사의 「전세보증금반환보증」과 「전세자금대출특약보증」을 가입하여 전세계약 만료시 임차보증금을 안전하게 보장받고 대출금 지원도 가능한 전세자금대출 상품,"대출신청자격공인중개사의 중개를 통하여 1년 이상의 주택임대차계약 체결 및 임차보증금의 5% 이상을 지급한 임차인으로서, 다음 각 호의 요건을 모두 충족하는 고객(1) 만 19세 이상 주민등록등본상 세대주 (단독세대주 포함)(2) 임차보증금이 수도권 7억원, 그 외 지역 5억원 이내로 임차계약기간이 1년 이상인 전세계약자(3) 주택도시보증공사의 「전세보증금반환보증」 과 「전세자금대출특약보증」가입이 가능한 고객(4) 본인과 배우자(결혼예정자 포함)의 합산 주택보유수*가 1주택 이내인 고객* 보유 중인 주택이 2020.7.10. 이후 취득(상속 제외)한 투기지역 또는 투기과열지구 소재 취득시점 3억원주3)을 초과하는 아파트(이하 “규제대상아파트”라 함) 취득자에 대한 실수요 예외 인정 없음(5) 다음 중 하나에 해당하는 자(가) 재직사실 확인 및 소득 증빙이 가능한 근로소득자(나) 최근년도 소득금액증명원 또는 사업소득원천징수영수증(연말정산용) 발급이 가능한 개인사업자(다) 무소득자(무직자)(6) 본인 소득만으로 대출한도 부여가 가능한 고객 (배우자 소득합산 불가)다음 각 호의 1에 해당하는 경우 대출대상에서 제외한다.(1) 당행 상환조건부를 제외한 모든 조건부 대출(예: 타행 상환조건부, 임차목적물 선순위 말소조건부 등)(2) 임대차 계약이 임차인 또는 임대인 대리에 의한 계약인 경우(3) 공동임차인이 있거나 연대보증인을 입보해야하는 경우(4) 대상 목적물의 소유자가 신탁사인 경우(5) 임차목적물의 주택가격 산정 방법 중 공사가 선정한 감정평가기관의 감정평가서를 대출 신청인에게 제출받아 주택가격을 산정하고자 하는 경우(6) 채권양도통지 外 방식으로 채권보전조치가 필요한 경우(7) 본 건 이외 진행중인 다른 대출이 있는 경우(8) 배우자가 분양권(입주권)을 보유한 경우(9) 외국인 및 재외국민(10) 당행 임직원(11) CSS 10등급 이하인 자(12) 신용관리대상자 및 당행/타금융기관 연체중인 자(13) 신청일 기준 최근 5년 이내 주민등록말소 이력(거주불명등록)이 존재하는 자(14) 대출신청일 기준으로 최근 1년 내 3회 이상 전출 이력이 있는 경우 (단, 최근 1년 이상 재직이 증빙되는 근로소득자 및 3년 이상 소득이 증빙되는 사업자는 예외)"
91,담보대출,오피스텔 상가에 대한 중도금(잔금)대출(준주택 포함),상품특징상업용 부동산을 분양받고자 하는 고객을 위한 대출,"대출신청자격오피스텔, 상가, 사무실, 노인복지주택 등을 분양 받아 분양계약서상 총 분양대금의 10% 이상을 납입한 고객주택도시보증공사 주택자금대출보증서 담보인 경우에는 분양계약서상 총 분양대금의 5% 이상을 납입한 고객"
92,담보대출,KB나라사랑대출(주택자금),상품특징국가보훈부와 협약에 따라 나라를 위해 헌신한 국가유공자 등을 위한 전용 상품,대출신청자격무주택자로서 국가보훈부로부터 전자문서로 대출 추천을 받은 국가유공자 및 장기복무(10년이상 복무)한 제대군인 고객대출신청자격대출종류 대출신청대상주택구입자금- 본인명의 주택을 구입 예정이거나 구입한 고객주택신축자금- 본인명의 대지에 본인명의 주택을 신축하는 고객아파트분양자금- 본인명의 아파트 최초 분양 받은 고객주택전세자금- 본인명의로 임대차보증금 수도권 5억원(지방 3억원) 이하인 임대차계약을 체결하고 임차보증금의 5% 이상을 계약금으로 지급한 민법상 성년인 세대주 또는 세대주로 인정되는 자☞ 본인이 국가보훈부에서 별도로 정한 기준에 충족하여 대출추천을 받을 수 있다면 중복대출 및 자금별로 대출신청이 가능합니다.☞ 주택구입자금 대출은 소득공제 요건 충족 시 연말정산 소득공제 적용됩니다. (소득공제혜택은 소득공제 세법이 개정될 경우 변경될 수 있습니다.)
93,전월세/반환보증,KB 플러스 전세자금대출,상품특징전세 신규입주 또는 계약갱신을 하시는 시기에 서울보증보험 보증서 담보로 지원하는 전세대출상품,"대출신청자격민법상 성년인 세대주(단독세대주 포함)이며 ""서울보증보험증권""이 발급되는 고객으로서 아래의 사항을 모두 충족하는 고객1. 부동산 중개업소를 통하여 주택임대차계약을 체결하고 임차보증금의 5% 이상을 계약금으로 지급한 경우2. 본인과 배우자(결혼예정자 포함)의 합산 주택 보유수가 1주택 이내인 경우* 보유 중인 주택이 2020.7.10 이후 취득(상속제외)한 투기지역 또는 투기과열지구 소재 취득시점 3억원을 초과하는 아파트인 경우 제외, 단 실수요 예외 증빙이 가능한 경우 예외취급 가능"
94,신용대출,KB 행복드림론 Ⅱ(i-STAR 행복드림론 Ⅱ-자영업자),"상품특징자영업자 대상 소액 생활안정자금 신용대출※「KB i-STAR 행복드림론Ⅱ(자영업자)」는 ""KB행복드림론Ⅱ""의 KB스타뱅킹 전용 브랜드입니다.",대출신청자격개인신용평가시스템(CSS)에 의해 대출적격자로 판정된 자영업자(KB국민카드 가맹점 포함) 또는 자유직업소득자(프리랜서)로서 국세청 신고소득 연 2백만원 이상 2천 5백만원 이하인 고객
95,담보대출,주택신축자금대출,상품특징주택신축자금을 지원하는 대출,대출신청자격건축허가(신고) 등을 얻어 자기명의의 대지에 주택을 신축하고자 하는 고객
96,주택도시기금대출,손익 공유형 모기지 대출,"상품특징주택가격 6억원 이하 주택을 구입하려는 부부합산 총소득 6,000만원(생애최초 주택구입자는 7,000만원 )이하인 자에게 호당 2억원 이내에서 지원[국토교통부 주택도시기금포털 바로가기]","대출신청자격다음 요건을 모두 갖춘 무주택 세대주1. 대출신청일 현재 민법상 성년이며, 부양가족 있는 세대주(만 30세이상은 단독세대주도 가능) 또는 세대주로 인정되는 자로서 세대주를 포함한 세대원 전원이 신청일로부터 5년 이상 무주택인 자(생애최초 주택구입자는 생애 전 기간 무주택)2. 최근년도 또는 최근 1년간 부부합산 총소득이 6,000만원 이하인 자(생애최초 주택구입자는 7,000만원 이하)3. 대출신청인 및 배우자의 합산 순자산가액이 통계청에서 발표하는 최근년도 가계금융복지조사결과의 ‘소득 5분위별 자산 및 부채현황’ 중 소득 4분위 전체가구 평균값 이하인 자(2023년 기준, 4억 6천 9백만원)※ 부부합산 총소득이란 차주 및 배우자(결혼예정자 포함)의 근로소득(상여금 및 수당포함) 및 사업소득을 말함"
97,담보대출,부동산 담보신탁 수익증권증서 담보대출,상품특징소유 부동산을 당행과 협약 체결된 부동산신탁회사에 담보신탁하고 동 신탁수익권증서를 담보로 제공하는 고객에 대해 담보사정가격 범위 내에서 가계자금을 대출하는 제도,"대출신청자격부동산 신탁회사의 부동산담보신탁 수익증권을 담보로 제공하는 개인☞ 협약체결 부동산신탁회사: KB부동산신탁, 한국토지신탁, 대한토지신탁, 생보부동산신탁, 한국자산신탁, 다올부동산신탁, 코람코자산신탁, 국제신탁, 아시아신탁, 무궁화신탁, 코리아신탁"
98,신용대출,공무원 연금수급권자 신용대출,상품특징공무원연금을 당행으로 1회 이상 이체받고 있는 고객을 위한 신용대출,"대출신청자격공무원 퇴직연금(유족,장해연금 포함))을 매월(1회 이상)국민은행 계좌를통해수령하고, 개인신용평가시스템(CSS)에 의해 대출적격자로 판정된 고객"
99,신용대출,KB 군인연금 협약대출,상품특징군인연금을 수령하고 있는 고객을 대상으로 대출한도 및 금리를 우대하여 제공하는 신용대출,"대출신청자격군인연금법에 의해 매월 당행 계좌로 연금을 수령하며, 개인신용평가시스템(CSS) 심사기준을 충족하는 고객"
100,자동차대출,KB 매직카대출(기존 신차할부 대환用),"상품특징다른 금융기관(은행권 제외)에서 받은 신차할부금융을 KB국민은행으로 대환하고 분할상환하는 비대면 전용 대출상품별도의 취급수수료, 보험료, 근저당설정 부담 없음","대출신청자격다른 금융기관(은행권 제외)에서 신차 구매를 목적으로 받은 자동차할부금융(대출)을 KB국민은행으로 대환하고자 하는 고객으로서 소득증빙이 가능한 만 19세 이상 개인고객※ 대출대상 : 근로소득자(6개월 이상), 사업소득자(12개월 이상), 연금소득자※ 대상차종 : 승용차, 승합차 및 화물차(5톤 이하)(개인택시, 캠핑카 및 카라반, 수입차 포함)☞ 기존 자동차할부금융(대출) 대출실행일은 최초자동차등록일 전·후 30일 이내여야 합니다☞ 본건 대출실행일 기준 대환대출 해당 자동차는 최초자동차등록일로부터 5년 이내여야 합니다"
101,전월세/반환보증,KB 1코노미 오피스텔 전세자금대출[2022.9.30판매중단],상품특징1인가구라면 1코노미 응원 우대금리 받고 더 저렴하게!대출고객 대상 휴대폰 수리 및 생활안심 보험서비스 혜택까지~!,"대출신청자격오피스텔 임대차계약을 체결한 고객- 임차보증금이 수도권 7억원(지방 5억원) 이하인 오피스텔 임대차계약을 체결하고, 임차보증금의 5% 이상을 계약금으로 지급한 민법상 성년인 세대주 또는 세대주로 인정되는 자로서 「주택금융신용보증서」가 발급되는 고객- 본인과 배우자(결혼예정자포함)가 합산한 주택보유수가 무주택 또는 1주택(부부합산소득 1억원이하)이내인 고객(주택보유수가 1주택인 경우 보유주택가액이 9억원 초과하는 주택이거나, 2020.7.10일이후 투기지역 또는 투기과열지구 내 취득시점 시가 3억원초과 아파트를 구입한 경우는 제외. 단, 실수요증빙시 예외취급가능)"
102,주택도시기금대출,중소기업 취업(창업) 청년 버팀목전세자금대출,"상품특징중소기업 또는 중견기업에 재직하거나, 중소벤처기업진흥공단신용보증기금기술보증기금으로부터 보증 또는 창업자금을 지원받은 청년 가구에 대해 임차보증금의 100% 이내(한국주택금융공사 주택금융신용보증서인 경우 80% 이내)에서 최대 1억원까지 지원[국토교통부 주택도시기금 포털 바로가기][국토교통부 주택전세 지원마법사 바로가기]","대출신청자격임차보증금이 2억원 이하인 주택임대차계약을 체결하여 임차보증금의 5% 이상 지불하고, 아래의 요건을 모두 갖춘 고객1. 대출신청일 현재 민법상 성년주)인 세대주(세대주 예정자 포함) 또는 세대주로 인정되는 자로서 세대주(예정자)를 포함한 세대원(예정자) 전원이 무주택인 분(세대주 예정자 자격인 경우 임차목적물에 반드시 세대주로 전입해야 함)주) 단, 주택도시보증공사 전세금안심대출보증서 담보인 경우 만 19세가 되는 해의 1월 1일을 맞이한 미성년자 포함 (법정대리인 전원의 동의 필요)2. 최근년도 또는 최근 1년간 부부합산 총소득이 5천만원 이하주)인 분주) 단, 외벌이 가구(부부 모두 또는 부부 중 1인이 무소득인 경우) 또는 단독세대주인 경우 3천 5백만원 이하3. 대출신청인 및 배우자의 합산 순자산가액이 통계청에서 발표하는 최근년도 가계금융복지조사의 ‘소득 5분위별 자산 및 부채현황’중 소득 3분위 전체가구 평균값 이하인 자(2023년 기준, 3억 4천 5백만원)4. 대출신청일 현재 중소기업 또는 중견기업에 재직하거나, 중소벤처기업진흥공단신용보증기금기술보증기금으로부터 보증 또는 창업자금을 지원받은 만 34세 이하인 고객(병역법에 따라 병역의무를 이행한 경우 만 34세 종료일로부터 병역 복무기간을 추가, 최대 만39세까지 허용)※ 증액갱신계약(월세에서 전세로 전환 포함)의 경우, 주민등록등본상 임차목적물에 1년(공공임대주택은 3개월) 이상 거주(확정일자 필수)☞ 부부합산 총소득이란 차주 및 배우자(결혼예정자 포함)의 근로소득(상여금 및 수당포함) 및 사업소득을 말함"
103,신용대출,KB 국민ONE대출,상품특징입증소득 및 재직증빙이 없어도 당행 거래실적에 따라 신용평가시스템(CSS) 평가 후 산출되는 CSS 평가 등급별로 무보증 대출한도가 부여되는 신용대출 상품,대출신청자격다음 중 하나의 조건에 해당하는 고객☞ 당행 1년이상 거래고객(고객정보등록일 기준) 중 거래실적 우수고객☞ 「KB국민ONE통장」가입고객 중 거래실적 우수고객으로 다음 거래 조건을 모두 충족하는 고객① 자동이체 4건 이상(아파트관리비 자동이체 필수이며 계좌간 자동이체는 제외)② KB국민ONE통장 가입고객 : 최근 6개월 총수신 평균잔액 50만원 이상 등※거래실적 우수고객＊ 당행 1년이상 거래고객 : 최근6개월 총수신 평균잔액 300만원 이상 등＊ KB국민ONE통장 가입고객 : 최근 6개월 총수신 평균잔액 50만원 이상 등
104,담보대출,KB골든라이프 공사주택연금론,"상품특징종신연금, 종신거주 보장대출금 상환의 부담이 없습니다.주택가격을 초과하여 연금 수령 가능예상연금 및 보증료율 조회하기http://www.hf.go.kr/hindex.htm","대출신청자격구분,일반형,주택담보대출 상환용,대출상환우대형,우대형구분 일반형 주택담보대출 상환용 대출상환우대형 우대형가입연령 소유자 또는 배우자 만 55세 이상 소유자 또는 배우자 만65세이상(기초연금 수급자)보유주택 공시가격 등이 12억원이하 1주택자 또는보유주택 공시가격 등의 합계가 12억원 이하 다주택자 부부 기준 1주택2.5억원 미만인출한도 대출한도의50%이내 수시인출 대출한도의 50%초과 90%이내 일시인출 대출한도의50%이내 수시인출"
105,담보대출,FOR YOU 장기대출,상품특징일정기간[5년] 동안 고정금리 적용 이후 변동금리 적용 주택담보대출,대출신청자격주택을 담보로 대출 신청하는 고객(주택구입/신축/경락주택 구입자금대출 및 통장자동대출 포함
106,신용대출,KB 사잇돌 중금리대출,상품특징고금리와 저금리 사이 공백을 채워 서민의 생활안정자금을 지원하는 중금리대출 상품납입지연 없이 성실히 상환하시는 고객님께 매년 0.3%p씩 금리인하 제공!,"대출신청자격서울보증보험(주)의 보험증권 발급이 가능한 급여소득자, 사업소득자, 공적연금소득자 중 아래 기준을 충족하고 증빙서류 제출이 가능한 개인고객대출신청자격구분 재직기준 소득기준급여소득자 현직장 재직기간 3개월 이상 연소득 1천 5백만원 이상사업소득자 현 사업영위기간 6개월 이상 연소득 1천만원 이상공적연금 소득자주) 연금수령 1회 이상주) 공적연금 : 국민연금, 공무원연금, 군인연금, 사학연금"
107,신용대출,KB 평생파트너 신용대출[2019.09.27 판매중단],"상품특징공무원, 군인 및 선생님(교직원 포함) 전용 신용대출 상품대출신규일로부터 3개월 경과 시 중도상환수수료 면제'내맘대로 통장자동대출' 선택 시, 최초 약정한 금액 범위 내에서 사용한도의 자유로운 증액과 감액이 가능하며, 추가 우대금리가 제공됩니다.","대출신청자격다음에 해당하는 1년 이상 재직 중인 고객☞정부 또는 지방자치단체 1년 이상 재직중인 공무원(군무원포함, 임시직 제외)☞중사 이상의 직업군인☞초.중.고교 및 대학(원)에 1년 이상 재직중인 교직원(정규직원 한함)☞국공립초등학교 병설유치원에 1년 이상 재직중인 교사"
108,전월세/반환보증,전세지킴보증,"상품특징고객님의 전세보증금을 지켜드리는 전세보증금 반환보증 상품!「전세지킴보증」은 한국주택금융공사 보증부 전세자금대출 이용자가 가입 가능한 전세보증금반환보증 상품으로, 임대차계약이 종료되었음에도 임대인이 정당한 사유없이 임차인에게 보증금을 반환하지 않는 경우 한국주택금융공사가 임차인에게 보증금을 돌려주는 상품입니다.",보증신청시기신규임차: 임대차계약 개시일∼ 임대차계약 기간의 1/2이 경과하기 이전갱신계약: 갱신 임대차계약 개시일 기준 1개월 이전 ∼ 갱신 임대차계약 기간의 1/2이 경과하기 이전
109,전월세/반환보증,KB 청년 맞춤형 월세자금대출,상품특징청년층의 주거비용 경감을 위한 금융위원회 정책상품으로 만 19세 이상 만 34세 이하 무주택 청년 대상 은행 대출금리와 한국주택금융공사 보증료 우대 제공대학생 등 무소득자도 최대 12백만원까지 대출신청 가능총 지원한도 : 1천억원(13개 참여은행 총 판매금액 기준),대출신청자격일반대출- 아래 조건을 모두 충족하는 만 19세 이상 만 34세 이하 무주택 세대주 또는 예비세대주주)로서 주거급여수급자가 아닌 고객(1) 보증금 1억원 이하 & 월세 70만원 이하(2) 잔여 임대차계약기간 6개월 이상(3) 부부합산 연소득 7천만원 이하주) 예비세대주 : 대출실행일로부터 1개월 이내 세대주 요건을 충족하는 고객대환대출- 위 '일반대출' 조건을 모두 충족하고 금융기관에서 이용중인 대출 중 대출실행일로부터 1개월 이상 경과한 임차보증금 용도 대출을 연체없이 이용중인 고객(기존대출 전액상환이 가능한 고객)
110,신용대출,KB 금융전문인 우대대출[2019.09.27 판매중단],"상품특징제1금융권 및 금융관련기관에 재직중인 금융전문인 전용 신용대출 상품'내맘대로 통장자동대출' 선택 시, 최초 약정한 금액 범위 내에서 사용한도의 자유로운 증액과 감액이 가능하며, 추가 우대금리가 제공됩니다.","대출신청자격다음에 해당하는 우량업체(기관)에 1년이상 재직중인 직원☞ 제1금융기관(시중은행, 특수은행, 지방은행, 외국계은행)☞ 금융관련기관 중 금융감독원, 금융결제원, 금융연수원, 전국은행연합회☞ 신용보증기금(기술신용보증기금, 지역보증재단 포함)"
111,신용대출,KB닥터론,"상품특징의사 전용 신용대출로 대출한도 및 대출금리를 우대한 상품'내맘대로 통장자동대출' 선택 시, 최초 약정한 금액 범위 내에서 사용한도의 자유로운 증액과 감액이 가능하며, 추가 우대금리가 제공됩니다.","대출신청자격근로소득 또는 사업소득이 있는 현직의사(전문의, 레지던트, 인턴, 군의관, 공중보건의 포함), 한의사, 치과의사, 또는 개업예정의(의사, 한의사, 치과의사), 의대본과 4학년 및 의사면허합격자(치의대,한의대 포함)로서 개인신용평가시스템(CSS)에 의해 대출적격자로 판정된 고객"
112,주택도시기금대출,주거안정주택구입자금대출,"상품특징주택가격 6억원 이하이며, LTV 70%이상이거나, 임차중인 주택을 구입하려는 부부합산 총소득 6천만원 이하인 자에게 호당 2억원 이내에서 20년(30년)까지 지원[국토교통부 주택도시기금포털 바로가기]","대출신청자격주택 구입을 계획중이며, 다음의 요건을 모두 구비한 고객1. 대출신청일 현재 민법상 성년이며, 부양가족이 있는 세대주(만 30세 이상은 단독세대주도 가능, 만 30세 미만 미혼세대주는 직계존속과 1인이상과 동일세대를 구성하는 경우 주민등록표상 합가일이 6개월 이상인 자) 또는 세대주로 인정되는 자로서 세대주를 포함한 세대원 전원이 무주택인 자2. 최근년도 또는 최근 1년간 부부합산 총소득이 6천만원 이하인 자3. 대출신청인 및 배우자의 합산 순자산가액이 통계청에서 발표하는 최근년도 가계금융복지조사결과의 ‘소득 5분위별 자산 및 부채현황’ 중 소득 4분위 전체가구 평균값 이하인 자(2023년 기준, 4억 6천 9백만원)※ 부부합산 총소득이란 차주 및 배우자(결혼예정자 포함)의 근로소득(상여금 및 수당 포함) 및 사업소득을 말함"
113,신용대출,KB 직장인든든 신용대출(군인),"상품특징군인 고객님을 위한'내맘대로 통장자동대출' 선택 시, 최초 약정한 금액 범위 내에서 사용한도의 자유로운 증액과 감액이 가능하며, 추가 우대금리가 제공됩니다.","대출신청자격군인(부사관, 장교, 군무원)- 부사관 중 하사는 재직기간 3개월 이상(중사 이상의 경우 재직기간 관계 없음)"
114,자동차대출,KB 매직카대출(기존 중고차할부 대환用),"상품특징다른 금융기관(은행권 제외)에서 받은 중고차할부금융을 KB국민은행으로 대환하고 분할상환하는 비대면 전용 대출상품별도의 취급수수료, 보험료, 근저당설정 부담 없음","대출신청자격다른 금융기관(은행권 제외)에서 중고차 구매를 목적으로 받은 자동차할부금융(대출)을 KB국민은행으로 대환하고자 하는 고객으로서 소득증빙이 가능한 만 19세 이상 개인고객※ 대출대상 : 근로소득자(6개월 이상), 사업소득자(12개월 이상), 연금소득자※ 대상차종 : 승용차, 승합차 및 화물차(5톤 이하)(개인택시, 캠핑카 및 카라반, 수입차 포함)☞ 기존 자동차할부금융(대출) 대출실행일은 최초자동차등록일 전·후 30일 이내여야 합니다☞ 본건 대출실행일 기준 대환대출 해당 자동차는 최초자동차등록일로부터 15년 이내이고 명의이전등록일로부터 5년 이내여야 합니다"
115,자동차대출,KB 매직카대출(신차 구매用),"상품특징캐피탈 대비 유리한 금리조건으로 신규자동차를 구매하려는 고객을 위한 비대면 전용 대출상품별도의 취급수수료, 보험료, 근저당설정 부담 없음KB국민카드로 결제시 캐시백 혜택 제공!","대출신청자격신차를 구입하는 고객으로 소득 증빙이 가능한 만 19세 이상의 고객※ 대출대상 : 근로소득자(6개월 이상), 사업소득자(12개월 이상), 연금소득자※ 대상차종 : 승용차, 승합차, 화물차(5톤 이하) 및 대형이륜자동차(260CC초과)(개인택시, 캠핑카 및 카라반, 수입차 포함)"
116,신용대출,KT 관련 재직직원에 대한 대출,"상품특징- KT, KT DS, KT CLOUD 재직직원만을 위한 맞춤대출상품- 거래실적에 따른 우대금리 적용","대출신청자격- KT, KT DS, KT CLOUD 임직원으로 개인신용평가시스템(CSS)에 의해 대출적격자로 판정된 고객"
117,신용대출,휴·폐업 개인사업자 신용대출의 가계장기분할상환 전환제도,상품특징휴·폐업을 사유로 사업자대출 기한연장이 불가능한 자영업자 중 개인사업자 신용대출을 가계신용대출로 전환,대출신청자격개인신용평가시스템(CSS) 등에 의해 산출된 의무상환금액(잔액 X 의무상환비율(최대 20%))만큼을 상환한 고객
118,신용대출,KB 햇살론15 [2024.06.30. 판매중단],상품특징「국민행복기금」의 신용보증을 통한 고금리대출 대안 상품성실상환자 매 1년 마다 국민행복기금 보증료율 인하를 통해 금리부담 경감,"대출신청자격연소득 4천 5백만원 이하이면서 개인신용평점 하위 20% 이하 또는 연소득 3천 5백만원 이하인 고객으로 직업 및 소득이 있으며 국민행복기금의 신용보증서 발급이 가능한 19세 이상인 고객※ 근로소득자 및 사업소득자 : 재직(사업영위)기간 3개월 이상연금소득자(국민연금, 공무원연금, 군인연금, 사학연금에 한함) : 연금수령 1회 이상"
119,전월세/반환보증,KB 군 간부 월세자금대출,상품특징관리부대로부터 월세 대부승인을 받은 군 간부를 대상으로 하는 월세자금 대출상품,"대출신청자격부동산중개업소를 통하여 급지별 대부 지원 상한액의 10% 이상 보증금을 설정한 보증부월세 주택임대차계약을 체결하고 관리부대로부터 보증금과 월세 대부 추천을 동시에 받은 군 간부※ 임대인 자격 : 임차목적물을 소유한 개인, 공공주택사업자, ㈜부영주택"
120,전월세/반환보증,목돈 안드는 드림전세대출[2022.9.30판매중단],"상품특징임대인이 임대차계약이 있는 본인 소유의 주택을 담보로 대출을 받고, 대출이자는 임차인이 자동이체로 납부하는 주택담보대출","대출신청자격- 국토교통부에서 정한 [집주인 담보대출 방식의 목돈 안드는 전세대출 이자부담부 특약]이포함된 임대차갱신계약을 체결한 임대인 중 아래 요건을 충족하는 고객님(신규임대차계약은 불가)ㅇ 임대차계약의 임차보증금이 수도권 기준 3억원(지방 2억원) 이하ㅇ 최초 또는 갱신임대차계약서가 부동산중개업소를 통한 계약서※ 수도권 : 서울특별시, 인천광역시, 경기도 지역"
121,주택도시기금대출,입주자 앞 대환대출,상품특징사업주체로부터 대환대상자로 통보받은 자에게 세대별로 지원된 건설자금 호당대출잔액 범위 내에서 20년까지 지원[국토교통부 주택도시기금포털 바로가기],"대출신청자격<대상1>해당 주택의 적법한 분양계약자(대환대출 기본자격)□ 주택도시기금대출이 지원된 주택건설 사업주체로부터 대환대상자로 통보받은 자로 우선분양자,일반분양자, 선착순 분양자 등※ 기존대출금 보유여부와 관계없이 대환 가능하나 기금 전세자금대출이 있을 경우 상환 후 취급 가능※ 대환대상자의 연소득에 관계없이 대환대출 가능<대상2>해당 주택의 적법한 분양계약자로서 아래 내집마련 디딤돌대출 조건을 충족하는 고객□ 대출신청일 현재 민법상 성년이며, 부양가족 있는 세대주(만 30세이상은 단독세대주도 가능) 또는 세대주로 인정되는 자로서 세대주를 포함한 세대원 전원이 신청일 현재 무주택인 분(생애최초 주택구입자 생애 전 기간 무주택)□ 최근년도 또는 최근 1년간 부부합산 총소득이 6천만원인 이하인 고객 (생애최초주택구입자 · 2자녀(미성년자)이상 가구는 7천만원 이하, 신혼가구는 8천5백만원 이하)※ 부부합산 총소득이란 차주 및 배우자(결혼예정자 포함)의 근로소득(상여금 및 수당 포함) 및 사업소득을 말함※ 2세대 이상 대환하는 개인(개인사업자)은 <대상2>조건을 충족할 경우, 1세대만 <대상2>의 대출조건으로 취급이 가능하며, 잔여세대에 대하여는 대환대출 기본자격<대상1>으로 취급하여야 함."
122,주택도시기금대출,청년전용 버팀목 전월세대출,"상품특징무주택 청년가구의 전월세자금 지원을 위한 기금대출로 임차보증금에 대해 최대 4천 5백만원 및 월세자금에 대해 최대 1,200만원까지 지원(임차보증금 대출과 월세금 대출의 합계액은 5천 2백만원 이내 (임차보증금의 80%이내))[국토교통부 주택도시기금 포털 바로가기][국토교통부 주택전세 지원마법사 바로가기]","대출신청자격부동산 중개업소를 통하여 임차보증금 6천 5백만원 이하 및 월세금 70만원 이하인 주택임대차계약(보증부 월세계약)을 체결하여 임차보증금의 5% 이상 지불하고, 아래의 요건을 모두 갖춘 고객1. 대출신청일 현재 만 34세 이하인 단독세대주(단독세대주 예정자 포함)로서 무주택인 고객(단독세대주 예정자 자격인 경우 임차목적물에 반드시 단독세대주로 전입해야 함)2. 최근년도 또는 최근 1년간 연소득이 5천만원 이하인 고객(배우자가 있는 경우 부부합산 기준)3. 대출신청인 및 배우자의 합산 순자산가액이 통계청에서 발표하는 최근년도 가계금융복지조사의 ‘소득 5분위별 자산 및 부채현황＇중 소득 3분위 전체가구 평균값 이하인 고객(2023년 기준, 3억 4천 5백만원)※ 증액갱신계약(월세에서 전세로 전환 포함)의 경우, 주민등록등본상 임차목적물에 1년(공공임대주택은 3개월) 이상 거주(舊 임대차계약서 확정일자 필수)※ 임대인이 개인인 경우만 가능하고, 부동산중개업소를 통하여 임대차계약을 체결하여야 함※ 임대인이 외국인인 경우 취급 불가"
123,신용대출,KB 새희망홀씨Ⅱ,"상품특징소득금액 확인서류로 증빙된 소득뿐만 아니라 국민연금납부액, 건강보험료납부액 등에 의한 환산인정소득(한국주택금융공사 보금자리론 소득추정방식 준용) 기준으로 대출한도 산출 가능","대출신청자격개인신용평가시스템(CSS)에 의해 대출적격자로 판정된 국내거주 국민으로서 연간소득 40백만원 이하[다만, 개인신용평점 하위 20% 이하인 경우에는 연간소득 50백만원 이하] 이고 다음 각 항목 중 하나에 해당하는 고객①증빙소득서류 제출자 (직업 및 소득 확인서류 등으로 증빙된 소득)②국민연금보험료 또는 지역건강보험료(세대주에 한함) 3개월 이상 정상 납부액 기준으로 소득금액이 산출되는 고객"
124,전월세/반환보증,KB 군 간부 전세자금대출(추가),상품특징「KB 군 간부 전세자금대출(기본)」을 신청하거나 보유 중인 군 간부가 추가자금이 필요한 경우 지원하는 대출상품,"대출신청자격「KB 군 간부 전세자금대출(기본)」을 신청하거나 보유 중인 군 간부로 부동산중개업소를 통하여 주택임대차계약을 체결하고 서울보증보험㈜의 ‘개인금융신용보험증권’ 발급이 가능한 고객※ 「KB 군 간부 월세자금대출」을 통해 국방부에서 월차임을 지원받거나 「KB 군 간부 전세자금대출(기본)」 대출에 대한 국방부의 이자지원이 중단된 고객은 대출대상이 아닙니다.※ 임대인 자격 : 임차목적물을 소유한 개인, 공공주택사업자, ㈜부영주택본인과 배우자(결혼예정자 포함)의 합산 주택수가 1주택* 이내인 고객* 보유 중인 주택이 2020.7.10일 이후 투기지역 또는 투기과열지구 내 소재한 주택으로서 취득시점 주택가액이 3억원을 초과하는 아파트를 구입한 경우에는 대출대상에서 제외. 단, 실수요 요건을 증빙하는 경우 신청 가능"
125,자동차대출,KB 매직카대출(중고차),"상품특징캐피탈 대비 유리한 금리조건으로 중고차를 구매하려는 고객을 위한 맞춤상품별도의 취급수수료, 보험료, 근저당설정 부담 없음","대출신청자격중고차 구입 목적으로 자동차매매업자와 계약(경·공매, 리스완료 후 구매 포함)을 체결하고 소득증빙이 가능한 만 19세 이상 개인고객※ 대출대상 : 근로소득자(6개월 이상), 사업소득자(12개월 이상), 연금소득자※ 대상차종 : 승용차, 승합차, 화물차(5톤 이하)(개인택시, 캠핑카 및 카라반, 수입차 포함)☞ 최초 자동차등록일로부터 15년 이내인 차량으로 대출실행 후 소유권 이전 필수☞ 자동차매매업자가 알선하지 않은 개인간 매매거래 제외"
126,주택도시기금대출,버팀목 전세자금대출,상품특징부부합산 총소득이 5천만원 이하인 고객에게 임차보증금의 70%이내에서 최고 1억2천만원까지 지원부부합산 총소득이 7천5백만원 이하인 신혼가구 또는 부부합산 총소득이 6천만원 이하인 2자녀(미성년자) 이상인 가구에 임차보증금의 80%이내에서 최고 3억원까지 지원[국토교통부 주택도시기금 포털 바로가기][국토교통부 주택전세 지원마법사 바로가기],"대출신청자격주택임대차계약을 체결하여 임차보증금의 5% 이상 지불하고, 아래의 요건을 모두 갖춘 고객1. 대출신청일 현재 민법상 성년인 세대주주1) 또는 세대주로 인정되는 자주2)주1) 대출실행일로부터 1개월 이내에 세대분가 또는 세대합가로 인한 세대주 예정자 포함주2) 세대주로 인정되는 자ㅇ 세대주의 세대원인 배우자ㅇ 대출신청일로부터 3개월 이내에 결혼으로 인하여 세대주로 예정된 자2. 대출신청일 현재 세대주(예정자)를 포함한 세대원(예정자) 전원이 무주택인 고객3. 최근년도 또는 최근 1년간 부부합산 총소득이 5천만원 이하인 고객※ 단, 2자녀(미성년자) 이상 가구 · 혁신도시 이전 공공기관 종사자 · 타 지역으로 이주하는 재개발 구역 내 세입자는 6천만원 이하, 신혼가구는 7천5백만원 이하4. 대출신청인 및 배우자의 합산 순자산가액이 통계청에서 발표하는 최근년도 가계금융복지조사의 ‘소득 5분위별 자산 및 부채현황’ 중 소득 3분위 전체가구 평균값 이하인 고객(2023년 기준, 3억 4천 5백만원)※ 증액갱신계약(월세에서 전세로 전환 포함)의 경우, 주민등록등본상 임차목적물에 1년(공공임대주택은 3개월) 이상 거주한 고객(확정일자 필수)☞ 부부합산 총소득이란 차주 및 배우자(결혼예정자 포함)의 근로소득(상여금 및 수당포함) 및 사업소득을 말함버팀목전세자금 대출대상자로서 다음의 경우에도 일정요건 충족 시 대출 가능- 채권양도협약기관(LH, SH, 경기주택도시공사, 공공임대리츠1~16호, 청년희망리츠, 국민행복주택리츠1~2호, 부산도시공사, 전북개발공사) 입주자에 대한 계약금대출※ 버팀목전세자금대출요건을 충족하는 자로서 채권양도협약기관으로부터 대출추천서를 받은 만 65세이상 입주예정자- 임대주택 임차중도금(잔금포함) 대출 : 주택도시보증공사의 주택임대보증 또는 임대보증금보증(사용검사 전)을 발급받은 임대사업자와 임대차계약을 체결한 세대주- 제2금융권 전세자금(보증신청일 기준 과거 1년이 되는 날 이전 신규분) 대환대출을 신청하는 고객으로, 다음 각목의 어느 하나에 해당하는 경우① 한국토지주택공사, 지방공사(채권양도협약기관에 한함)의 임대주택에서 제2금융권 전세자금대출을 정상이용 중인 고객② 전용면적 60㎡ 이하 및 보증금 5천만원 이하인 주택에 대해 제2금융권 전세자금대출을 정상이용 중인 연소득 2천만원 이하의 만 34세 이하인 무주택세대주인 경우 임차보증금 80% 이내에서 3천 5백만원 한도로 대환 가능(청년전용 버팀목전세자금대출 금리 준용)③ 임차중도금(잔금포함) 목적의 제2금융권 전세자금대출을 정상이용 중인 세대주"
127,신용대출,KB 국민희망대출(제2금융권대환),상품특징제2금융권 신용대출 대환 전용 상품으로 저신용 취약차주의 은행권 안착 지원 상품,"대출신청자격개인신용평가시스템(CSS)에 의해 대출적격자로 판정된 고객으로 다음에 모두 해당하고, “제2금융권(비은행업권) 신용대출”을 대환하고자 하는 고객- 제2금융권(비은행업권) 신용대출 보유 고객* 단, 대환 대상 대출 신규일자가 2023년 6월 30일 이전 실행건- 재직기간 1년 이상(전직장 재직기간 포함)인 근로소득자(계약직·상용직 포함, 일용소득자 제외)로 연소득 2천4백만원 이상인 고객"
128,신용대출,KB 바꿔드림론[2019.11.05 판매중단],상품특징▣ 금융소외자의 고금리대출을 「국민행복기금」의 신용보증을 통해 제도권 금융기관의 저금리대출로 전환,대출신청자격▣「국민행복기금」의 신용보증서 발급 대상자▣ 만 19세 이상 국내거주 고객
129,담보대출,부동산 담보대출,상품특징기존 국민은행 거래 실적과 관계없이 신속하게 대출 취급다양한 금리조건과 상환방법,대출신청자격부동산을 담보로 대출 신청하는 고객
130,신용대출,KB 햇살론15 Ⅱ,상품특징「서민금융진흥원」의 신용보증을 통한 고금리대출 대안 상품성실상환자 매 1년 마다 서민금융진흥원 보증료율 인하를 통해 금리부담 경감,"대출신청자격직업 및 소득이 있으며 「서민금융진흥원 신용보증서 발급이 가능한 만 19세 이상으로 다음 어느 하나에 해당하는 고객- 연소득 3천5백만원 이하(신용평점 무관)- 개인신용평점 하위 20% 이하이고 연소득 4천5백만원 이하※ 재직기준  ㅇ 근로소득자 및 사업소득자 : 재직(사업영위)기간 3개월 이상  ㅇ 연금소득자(국민연금, 공무원연금, 군인연금, 사학연금에 한함) : 연금수령 1회 이상"
131,주택도시기금대출,부도임대주택퇴거자전세자금대출,상품특징부도임대주택에서 퇴거 당하거나 퇴거 당할 예정인 임차인에게 임차보증금의 70%이내에서 최고 5천만원까지 연3.1% 이율로 최장 6년(2년단위 2회연장)까지 지원[국토교통부 주택도시기금포털 바로가기],"대출신청자격부도임대주택에서 퇴거당하거나 퇴거당할 예정인 임차인 중 임차보증금이 3억원 이하인(수도권 이외 지역은 2억원 이하) 주택임대차계약을 체결하고 임차보증금의 5%이상 지불한 고객으로서 다음 요건을 모두 갖춘 고객*수도권: 서울, 인천, 경기1. 지방자치단체장의 추천을 받은 대출신청일 현재 민법상 성년이며, 부양가족이 있는 세대주(만 25세 이상은 단독세대주도 가능, 만 25세 미만 미혼세대주는 직계존속 중 1인이상과 동일세대를 구성하는 경우 주민등록표상 합가일이 6개월 이상인 자) 또는 세대주로 인정되는 자로 세대주를 포함한 세대원전원이 무주택인자2. 매각허가결정일 이전에 임대차계약을 체결하고 주민등록전입을 완료하여 대출신청일 현재 해당 주택에 계속 거주중이거나 경락허가결정일 이후 퇴거당한 자"
132,담보대출,주택중도금대출,상품특징집단승인을 받지 않은 분양주택 중도금 대출 지원,대출신청자격분양주택 등을 매입하기 위하여 분양계약을 체결하고 분양계약서상 총 분양대금의 5%이상을 납부한 고객
133,신용대출,KB새희망홀씨 긴급생계자금,상품특징기존 보유 「KB새희망홀씨Ⅱ (KB새희망홀씨 포함)」 대출을 성실상환 중인 서민을 위한 긴급생계자금 지원 대출상품,대출신청자격개인신용평가시스템(CSS)에 의해 대출적격자로 판정된 국내거주 국민으로서 다음 각 항목에 모두 해당하는 고객(1) KB새희망홀씨(KB새희망홀씨Ⅱ)」대출을 1년 이상 성실상환 중인 고객 중 최근 1년간 누적 연체일수가 10일 이하인 고객(2)「KB새희망홀씨 긴급생계자금」을 보유하지 않은 고객(1인 1계좌만 가능)※ 재직 및 소득확인서류 제출 생략
134,주택도시기금대출,내집마련디딤돌대출,"상품특징주택가격 5억원 이하주) 주택을 구입하려는 부부합산 연소득 6천만원(생애최초 주택구입자, 2자녀(미성년자)가구, 다자녀(미성년자)가구는 7천만원 이하. 생애최초로 주택을 구입하는 신혼가구, 신혼가구(LH 신혼희망타운 분양계약자 중 만6세이하 자녀가 있는 혼인가구 포함)는 8천5백만원 이하) 이하인 자에게 호당 2억 5천만원[단, , 신혼가구, 2자녀(미성년자) 이상인 가구는 4억원, 생애최초 주택구입가구(미혼 단독세대주 제외)는 3억원, 만 30세 이상 미혼인 단독세대주는 최고 1억 5천만원(생애최초 주택구입자는 2억원)] 이내에서 지원주) 신혼가구, 2자녀(미성년자) 이상인 가구는 주택가격 6억원 이하※ 신청자격별 대출 대상주택 및 대출한도는 상세내용 참조[국토교통부 주택도시기금 포털 바로가기][국토교통부 주택구입 지원마법사 바로가기]","대출신청자격대출대상 주택을 구입하고자 하는 고객으로 다음 요건을 모두 갖춘 고객1. 대출신청일 현재 민법상 성년이며, 부양가족 있는 세대주(만 30세 이상은 단독세대주도 가능) 또는 세대주로 인정되는 자로서, 세대주를 포함한 세대원 전원이 신청일 현재 무주택인 분 (생애최초주택구입자는 생애 전 기간 무주택)※ 세대주 및 세대원 중 분양권 및 조합원 입주권을 보유하고 있는 경우 유주택자로 적용단, 2018.9.13 이전 해당 분양권 및 조합원 입주권을 보유한 후 처분하여 주택취득 이력이 없는 경우 무주택자로 보고, 생애최초 주택구입자로 적용2. 최근년도 또는 최근 1년간 부부합산 연소득이 6천만원 이하인 분 (생애최초 주택구입자 □ 2자녀(미성년자) 이상인 가구는 7천만원 이하, 생애최초로 주택을 구입하는 신혼가구 □ 신혼가구(LH 신혼희망타운 분양계약자 중 만6세이하 자녀가 있는 혼인가구 포함)는 8천5백만원 이하)3. 대출신청인 및 배우자의 합산 순자산가액이 통계청에서 발표하는 최근년도 가계금융복지조사결과의 ‘소득 5분위별 자산 및 부채현황’ 중 소득 4분위 전체가구 평균값 이하인 자(2023년 기준, 4억 6천 9백만원)"
135,담보대출,토지분양자금대출,상품특징KB국민은행과 협약을 체결한 분양기관의 분양계약자 대상 토지분양자금대출 지원,"대출신청자격협약체결기관으로부터 단독주택용지, 근린생활시설용지, 상업용지(주차장, 주유소 등 포함)를 분양 받아 분양대금의 의무납부금액(10~30%) 이상을 납부하고 공사로부터 추천을 받은 개인 또는 개인사업예정자※ 협약체결기관인지세액표협약체결기관 의무납부비율아산시 30%한국토지주택공사, 에스에이치공사, 경기도시공사, 한국산업단지공단, 인천광역시도시개발공사, 대전광역시도시개발공사, 부산도시공사, 한국수자원공사, 화성도시공사, 경상남도개발공사, 광주광역시도시공사, 인천광역시경제자유구역청, 경상북도개발공사, 하남도시공사, 전남개발공사, 한국산업단지공단, 충북개발공사(공동시행), 시흥시, 충주시 20%속초시, 울산광역시도시공사 15%대구도시공사, 군포시, 창원시, 성주군, 용인도시공사, 울산광역시, 세종특별자치시, 울주군 10%"
136,전월세/반환보증,전세보증금반환보증(단독),상품특징「전세보증금반환보증」은 전세계약 종료 시 임대인이 임차인에게 반환해야하는 전세보 증금의 반환을 주택도시보증공사가 책임지는 보증상품입니다,보증신청시기신규 전세계약 잔금지급일과 전입신고일 중 늦은 날 ~ 전세계약기간의 2분의 1이 경과하기 전갱신 전세계약 갱신 전 전세계약기간 만료일 이전 1개월 ~ 갱신 전세계약서상 전세계약기간의 2분의 1이 경과하기 전
137,담보대출,신용회복지원자 특례보증 주택전세자금대출,상품특징신용회복지원 중인 고객님을 위한 전세자금대출,"대출신청자격임차보증금이 수도권 7억원(그 외 지역 5억원) 이하인 임대차계약을 체결하고, 임차보증금의 5% 이상을 지급한 민법상 성년인 세대주 또는 세대주로 인정되는 자로서 주택금융신용보증서」가 발급되는 고객본인과 배우자(결혼예정자 포함)의 합산 주택수가 1주택* 이내인 경우* 보유 중인 주택이 2020.7.10일 이후 투기지역 또는 투기과열지구 내 소재한 주택으로서 취득시점 주택가액이 3억원을 초과하는 아파트를 구입한 경우에는 대출대상에서 제외. 단, 실수요 요건을 증빙하는 경우 신청 가능신용회복기관에 채무변제금을 24회차 이상 납입하여 신용관리정보가 삭제된 성실 납부자(신용회복위원회의 프리워크아웃지원자의 경우는 12회차 이상 납입)"
138,담보대출,주택자금대출,"상품특징주택의 신규분양, 재건축, 재개발 등 일정규모 이상의 주택사업장에 대해 은행과 시행(시공)사의 협약 등에 의해 취급되는 주택자금대출사업장별, 대출종류별로 대출한도, 금리 등의 대출조건 상이","대출신청자격은행이 승인한 주택사업장의 수분양자, 조합원, 임차인 등"
139,신용대출,KB 가맹점대표 신용대출[2021.03.30 판매중단],"상품특징KB국민카드 가맹점대표를 위한 상품으로 증빙소득 외 KB국민카드 매출액의 일부를 추정소득으로 인정하여 대출한도를 부여하는 상품'내맘대로 통장자동대출' 선택 시, 최초 약정한 금액 범위 내에서 사용한도의 자유로운 증액과 감액이 가능하며, 추가 우대금리가 제공됩니다.","대출신청자격최근 3개월이상 계속하여 KB국민카드 매출실적이 발생하고, 카드 매출대금 결제계좌를 당행으로 지정(변경)한 KB국민카드 가맹점 대표(단, 유흥/숙박/다단계 판매 등 일부 가맹점 업종은 대출대상에서 제외)"
140,담보대출,KB 분할상환 모기지론,상품특징변동금리 적용 주택담보대출,대출신청자격주택을 담보로 대출 신청하는 고객(주택구입/신축/경락주택 구입자금대출)
141,담보대출,KB 골든라이프 주택연금론,"대출신청자격만 40세 이상인 고객으로 본인소유(배우자 공동소유 포함)의 주거용주택을 전액 담보 제공하는 개인단, 만 55 세 미만 고객의 경우, 대출신청 접수일 기준 실직 또는 폐업 관련 증빙서류 제출시 가능","대출금액담보조사 가격 및 담보물건지 지역 등에 따른 대출가능금액(최대 10억원) 이내로 하고,대출금의 범위는 다음과 같다.(1) 매월 연금방식으로 지급하는 월지급금(연금지급기간 이내)(2) 의료비, 관혼상제비, 교육비 등 수요시 월지급금의 10배 이내에서 지급하는 개별(특별)인출금(3) ‘(1)~(2)’까지 대출금 잔액에 대한 대출이자금액※ ‘(1)~(2)’를 합산하여 연간(1.1~12.31) 1억원 이내에서 지급 가능※ ‘(1)’은 대출시작일로부터 매 5 년 단위로 재계산하며, 재계산시점 대출금리에 따라 증가 또는 감소함※ 개별(특별)인출금 신청, 주택가격의 하락, 대출금리의 상승 등에 따라 연금지급기간이 단축될 수 있음"
142,신용대출,KB 내맘대로 마이너스 통장,상품특징자유로운 한도조절 기능을 부여한 종합통장자동대출 상품,대출신청자격1년 이상 재직중인 직장인으로서 당행 신용평가등급(CSS) 1~4등급 이내
143,주택도시기금대출,부도임대주택경락자금대출,"상품특징부도임대주택 임차인에게 매각가격과 주택가격(법원 최초 매각가격)의 80%중 적은금액 이내에서 최초10년간 2.6%, 이후 잔여기간 일반 입주자 앞 대환대출 이율을 적용하여 20년까지 지원[국토교통부 주택도시기금포털 바로가기]","대출신청자격<대상 1>주택도시기금의 임대주택건설자금이 지원된 부도임대주택을 경매낙찰 받아 대출을 신청하는 해당 임대주택의 임차인(단, 무주택세대주만 가능)☞ 세대원 전원이 무주택이어야 함※ 임차인의 범위경매개시결정기입 등기일 이전에 임대차 계약을 체결하고 주민등록 전입을 완료하여 대출신청일 현재, 해당 주택에 거주(전입)중인 자(주민등록등본상 임차인과 동일한 세대원 포함)* 단, 전입되어 있지 않은 경우에는 전세권 설정이나, 임차권 등기가 되어 있어야 하며, 전대행위에 의한 전차인(임대인의 승낙을 받은 경우 제외)과 임차인이 법인인 경우 대출제외<대상 2>주택도시기금의 임대주택건설자금이 지원된 부도임대주택을 경매낙찰 받아 대출을 신청하는 해당 임대주택의 임차인으로서 아래 내집마련 디딤돌대출 조건을 충족하는 고객□ 대출신청일 현재 민법상 성년이며, 부양가족 있는 세대주(만 30세이상은 단독세대주도 가능) 또는 세대주로 인정되는 자로서 세대주를 포함한 세대원 전원이 신청일 현재 무주택인 자(생애최초주택구입자 생애 전 기간 무주택)□ 최근년도 또는 최근 1년간 부부합산 총소득이 6천만원 이하인 자(생애최초주택구입자는 7천만원 이하)※ 부부합산 총소득이란 차주 및 배우자(결혼예정자 포함)의 근로소득(상여금 및 수당 포함) 및 사업소득을 말함"
144,신용대출,KB 급여이체신용대출,"상품특징당행 급여이체 중인 고객을 대상으로 추가 우대금리를 부여해 주는 신용대출상품'내맘대로 통장자동대출' 선택 시, 최초 약정한 금액 범위 내에서 사용한도의 자유로운 증액과 감액이 가능하며, 추가 우대금리가 제공됩니다.","대출신청자격개인신용평가(CSS)에 의해 대출적격자로 판정된 고객 중 대출신청일 현재 동일직장 1년 이상 재직 중이며, KB국민은행과 급여이체 대행계약을 체결한 업체로부터 대출신청월 또는 직전 월 기준 현재 1회 이상 급여이체 실적이 있는 고객다만, 개인사업자, 사업소득원천징수 대상자, 연금이체자(국민연금, 군인연금, 사학연금, 공무원연금 등) 등은 대출대상 제외"
145,신용대출,KB 선생님든든 신용대출(교직원),"상품특징정규직 교직원이라면 최대 3억원까지 여유있게!『KB선생님든든패키지』와 함께 더 든든하게 이용하세요!'내맘대로 통장자동대출' 선택 시, 최초 약정한 금액 범위 내에서 사용한도의 자유로운 증액과 감액이 가능합니다!","대출신청자격아래 기관에 3개월 이상 재직중인 정규직 교직원(단, 무기계약직 미포함)1) 초.중.고교 및 대학(원) 교직원2) 국공립 유치원 교사3) 교육부 또는 교육(지원)청 소속 공무원"
146,신용대출,KB군인든든 신용대출,"상품특징장교, 부사관, 군무원 및 장교후보생 등 직업군인을 위한 맞춤 신용대출 상품'내맘대로 통장자동대출' 선택 시, 최초 약정한 금액 범위 내에서 사용한도의 자유로운 증액과 감액이 가능합니다!","대출신청자격장교, 부사관, 군무원 및 장교후보생(육·해·공군/육군3사/국군간호 사관학교 4학년 생도) 등 군 관련 전체 고객- 장교 및 군무원 : 재직기간 관계없음(단, 소득발생 1개월 이상 입증 필수) ※ 단, 정규직 공무원에 한함, 무기계약직 미포함- 부사관은 재직기간 6개월 이상, 하사는 재직기간 2년 이상이어야 함"
147,신용대출,KB 국민희망대출[2023.02.03. 판매중단],상품특징제2금융권 대출 보유고객 중 우량 고객에 대해 대출을 지원하는 신용대출 상품,"대출신청자격제2금융권 대출 보유고객 중 개인신용평가(CSS)에 의해 대출적격자로 판정된 고객 중 재직기간 3년이상, 입증소득 25백만원 이상인 고객"
148,신용대출,KB 리더스 신용대출[2020.5.29 판매중단],"상품특징KB국민은행 거래실적 우수고객 전용 신용대출'내맘대로 통장자동대출' 선택 시, 최초 약정한 금액 범위 내에서 사용한도의 자유로운 증액과 감액이 가능하며, 추가 우대금리가 제공됩니다.",대출신청자격거래실적 우수고객 ☞ KB스타클럽 MVP등급 고객 중 거래실적 우수고객
149,자동차대출,KB 매직카 신용대출[2023.4.28 판매중단],"상품특징자동차 판매회사와 자동차(신차, 중고차)구매를 위한 매매계약을 체결하거나 자동차할부를 대환하고자 하는 고객을 위한 자동차 신용대출 상품별도의 취급수수료, 보험료, 근저당설정 부담 없음신차대출 신청시 KB국민카드로 결제를 통해 캐시백 혜택 제공!","대출신청자격개인신용평가시스템(CSS)에 의해 대출한도가 산정되는 아래의 고객① 급여이체, 사업자, 연금소득 등 기타소득이 있는 고객※ 단, 사업자고객의 경우 사업영위기간 3년 초과시 대출신청 가능② 소득 미입증 고객 중 당행 거래 실적 등에 따라 대출한도가 산정되는 고객대상자동차 : 승용차, 승합차, 화물차(5톤 이하) 및 대형이륜자동차(260CC초과)(개인택시, 캠핑카 및 카라반, 수입차 포함)※ 대형이륜자동차는 신차구매대출 만 신청 가능"
150,담보대출,KB 청약(주택종합저축)담보대출,상품특징당행에 예치된 청약저축 또는 주택청약종합저축을 거래하는 고객이 긴급한 가계자금을 필요로 할 경우 청약저축의 중도해지에 따른 손실예방을 위해 납입액 범위 내에서 대출,"대출신청자격은행이 인정하는 본인 단독명의의 당행 청약저축(주택청약종합저축)을 담보로 제공하는 자다음의 경우에는 담보대출을 취급불가☞청약저축(주택청약종합저축) 신규가입일을 포함하여 2영업일 이내의 담보대출. 다만, 재예치 예금 또는 주택청약예금/부금의 지역간 예치금액변경 및 평형변경은 제외☞제3자 명의의 청약저축(주택청약종합저축) 담보대출☞예금잔액증명서 발급계좌에 대한 발급당일 담보대출"
151,전월세/반환보증,KB 신혼부부 전세자금대출,상품특징전세 신규입주 또는 계약갱신을 하시는 고객님께 임차보증금의 90%까지 한국주택금융공사 보증서 담보로 지원하는 대출상품신혼부부 우대금리 0.15%p를 최초 대출기간 만료일까지 추가 적용,"대출신청자격혼인기간 7년 이내 신혼부부 또는 3개월 이내 결혼예정자로서 아래 내용을 모두 충족하는 민법상 성년인 세대주 또는 세대주로 인정되는 고객(1) 임차보증금이 수도권 7억원(그 외 지역 5억원) 이하인 임대차계약을 체결하고, 임차보증금의 5% 이상을 지급한 경우(2) 본인과 배우자(결혼예정자 포함)의 합산 주택수가 1주택* 이내인 경우* 보유 중인 주택이 2020.7.10일 이후 투기지역 또는 투기과열지구 내 소재한 주택으로서 취득시점 주택가액이 3억원을 초과하는 아파트를 구입한 경우에는 대출대상에서 제외. 단, 실수요 요건을 증빙하는 경우 신청 가능"
152,전월세/반환보증,KB스타 전세자금대출(갈아타기)(SGI_서울보증보험),상품특징서울보증보험 보증서 담보로 지원하는 비대면 전용 전세대출상품,"대출신청자격「대출이동시스템」에 참여하는 타 금융기관의 ‘서울보증보험(SGI)’ 전세자금대출을 당행으로 전액 대환(차주 보유 전세자금대출이 1건인 경우만 가능) 신청하고, 부동산중개업소를 통하여 주택임대차계약을 체결한 임차인으로서, 다음 각호를 모두 충족하는 자(1) 만 19세 이상 주민등록등본상 세대주 (단독세대주 포함)(2) 임대인이 ‘임차보증금반환채권’ 질권설정통지에 대한 동의가 가능한 고객(3) 주택임대차보호법상 임차인의 대항요건(주택입주 및 주민등록전입)과 확정일자를 갖추어 우선변제권을 확보한 고객(4) 서울보증보험㈜(이하 “보증보험”이라 함)의 개인금융신용보험 증권(이하 ""보험증권""이라 함) 발급이 가능한 고객(5) 소득증빙이 가능*하여 소득대비 금융비용부담율(본건포함)이 40% 이내인 고객* 근로소득자 또는 개인사업자(6) 본인과 배우자(결혼예정자 포함)의 합산 주택보유수가 1주택 이내인 자* 보유 중인 주택이 2020.7.10일 이후 취득(상속제외)한 투기지역 또는 투기과열지구 소재 취득시점 3억원을 초과하는 아파트인 경우 제외[※ 규제대상아파트 취득자에 대한 실수요 예외 인정 없음](7) 다음 중 하나에 해당하는 자(가) 재직사실 확인 및 소득증빙이 가능한 근로소득자(나) 최근년도 소득금액증명원 또는 사업소득원천징수영수증(연말정산용) 발급이 가능한 개인사업자(8) 본인 소득만으로 대출한도 부여가 가능한 고객 (배우자 소득합산 불가)다만 다음 각 호의 하나에 해당하는 경우 대출대상에서 제외한다.(1) 법인(2) 외국인 및 재외국민(국내거소신고를 한 외국국적 동포 및 주민등록을 한 재외국민도 불가)(3) 당행 임직원(4) 당행 CSS 10등급 이하인 자(5) 금융기관 신용관리대상자(6) 대출신청일 현재 다른 금융기관 연체중인 자(7) 투기지역·투기과열지구 내 시가 3억원 초과 아파트를 취득한 경우[※ 규제대상아파트 취득자에 대한 실수요 예외 인정 없음](8) 대출이동시스템을 통한 타행 상환조건부를 제외한 모든 조건부 대출 (예 : 임차목적물 선순위 말소조건부 등)(9) 임대차 계약이 임차인 또는 임대인의 대리에 의한 계약인 경우(10) 공동임차인이 있거나 연대보증인을 입보해야하는 경우(11) 미등기 건물인 경우 (예외사항 미운영)(12) 대상 목적물의 소유자가 신탁사인 경우(13) 임차목적물의 주택가격 산정 방법 중 감정평가협회에 등록된 평가기관을 통해 발급한 감정평가서를 대출신청인에게 제출받아 주택가격을 산정하고자 하는 경우(14) 근질권설정통지 外 방식으로 채권보전조치가 필요한 경우(15) 규제대상아파트 보유자로서 실수요 예외 인정사유에 해당하는 경우(16) 본 건 이외 진행중인 다른 대출이 있는 경우(17) 배우자가 분양권(입주권)을 보유한 경우"
153,담보대출,일반부동산 경락자금대출,상품특징경락대금 납입을 지원하는 대출,"대출신청자격주경매 또는 공매 일반부동산(주택 제외) 매각(경락)허가 결정을 얻은 분으로서 은행에서 정한 소정의 자격자(단,대출금액에 관계없이 동일인에 대한 2건 이상의 경락자금대출 불가)"
154,집단중도금/이주비대출,재건축ㆍ재개발ㆍ리모델링 조합원에 대한 이주비대출,"상품특징기존 주택의 재개발, 재건축, 리모델링에 따라 이주자금을 지원하는 상품","대출신청자격주택재개발, 재건축, 리모델링주택조합의 조합원으로서 시행(시공)자가 대출대상자로 선정한 고객"
155,담보대출,법인 예금담보 임직원대출,상품특징직원복지 및 우리사주 취득 자금이 필요한 법인의 임직원에게 저금리 대출 제공,대출신청자격KB 국민은행과 협약을 체결한 법인이 추천한 임직원
156,신용대출,KB사립학교교직원우대대출,상품특징사립학교교직원연금공단과 업무협약에 의해 사립학교교직원에게 퇴직금에 따라 가계자금을 대출하는 제도,대출신청자격사립학교교직원 연금법 적용 현직(정규직)교직원(교원 또는 사무직원)으로서 연금공단이 발급하는 「퇴직시급여예상액확인서」에 의해 대출을 신청하는 고객 중 다른 금융기관(농협에)에 협약대출 미보유자로 개인신용평가시스템(CSS)에 의한 부실징후 또는 CSS 8~9등급 중 다중채무자에 해당하지 않는 고객.
157,신용대출,KB 국민행복 신용대출[2020.5.29 판매중단],"상품특징소득입증고객(급여이체, 연금소득 등) 및 당행 거래실적 우수고객을 위한 신용대출상품거래실적에 따른 우대금리 및 자유로운 상환 방식'내맘대로 통장자동대출' 선택 시, 최초 약정한 금액 범위 내에서 사용한도의 자유로운 증액과 감액이 가능하며, 추가 우대금리가 제공됩니다.",대출신청자격- 개인신용평가시스템(CSS)에 의해 대출한도가 산정되는 아래의 고객(1) 급여소득 및 연금소득 등 기타소득이 있는 고객(2) 소득 미입증 고객 중 당행 거래 실적 등에 따라 대출한도가 산정되는 고객※ 자영업 고객은 제외
158,전월세/반환보증,KB 주거행복 월세대출,상품특징보증금 있는 월세계약을 체결한 고객에게 월세자금을 지원하는 대출상품,대출신청자격부동산중개업소를 통하여 주택임대차계약을 체결하고 임차보증금의 5% 이상을 계약금으로 지급하고 주택임대차계약을 체결한 민법상 성년인 세대주(단독세대주 포함)로 “서울보증보험증권”이 발급되는 고객
159,담보대출,분양토지 중도금대출,상품특징택지개발지구 등의 토지를 분양받고자 하는 고객을 위한 대출,"대출신청자격국가ㆍ지방자치단체ㆍ지방공사ㆍ주택공사ㆍ토지공사가 분양하는 단독주택용지, 근린생활시설용지, 상업용지(체비지 등을 포함)를 공급 받고자 계약을 체결한 개인 또는 개인사업예정자"
160,신용대출,KB로이어론,"상품특징법조인 전용 신용대출로 대출한도 및 대출금리를 우대한 상품'내맘대로 통장자동대출' 선택 시, 최초 약정한 금액 범위 내에서 사용한도의 자유로운 증액과 감액이 가능하며, 추가 우대금리가 제공됩니다.","대출신청자격근로소득 또는 사업소득이 있는 현직변호사, 판사, 검사, 군법무관 또는 사법연수원생으로서 개인신용평가시스템(CSS)에 의해 대출적격자로 판정된 고객"
161,담보대출,KB 월상환액 고정형 주택담보대출,상품특징1회차 월상환액(분할상환 원금+이자)이 대출금리 변동에 관계없이 10년간 유지월상환액 고정기간(10년) 동안 금리상한 적용,대출신청자격주택을 담보로 대출 신청하는 고객(주택구입/신축/경락주택구입자금대출 포함)
162,담보대출,KB 경락주택구입자금대출,상품특징◈ 기존 국민은행 거래 실적과 관계없이 신속하게 대출 취급◈ 경락대금 납입을 지원하는 대출,대출신청자격▣ 경매 또는 공매주택 매각(경락)허가 결정을 얻은 분으로서 은행에서 정한 소정의 자격자
163,담보대출,기존 근저당권 활용 주택자금대출,상품특징기존 국민은행 거래 실적과 관계없이 신속하게 대출 취급다양한 금리조건과 상환방법,대출신청자격최초 대출이 주택구입자금대출인 경우로서 해당대출의 기존설정근저당권을 활용하여 주택담보대출을 신청하는 고객
164,신용대출,KB나라사랑대출(일반자금),상품특징국가보훈부와 협약에 따라 나라를 위해 헌신한 국가유공자 등을 위한 전용 상품,"대출신청자격국가보훈부로부터 전자문서로 대출 추천을 받은 국가유공자, 장기복무(10년이상 복무)한 제대군인 고객대출신청자격대출종류 대출신청대상 자격구분주택개량자금- 건물 신축 후 5년 경과한 소유주택을 개량 하고자 하는 고객- 국가유공자생활안정자금- 일반 및 재해복구 자금: 가계생활안정자금이 필요한 고객- 보철용 차량구입 : 보철용차량 구입 고객- 국가유공자 및 제대군인(단, 보철용 차량구입은 독립유공자, 상이국가유공자, 5.18민주화운동 부상자에 한함)학자금- 본인 또는 자녀의 학자금이 필요한 고객- 제대군인사업(부업)자금- 사업을 하거나 사업 예정인 고객- 국가유공자 및 제대군인농토구입자금- 전, 답, 과수원 구입하시는 고객- 국가유공자 및 제대군인☞ 본인이 국가보훈부에서 별도로 정한 기준에 충족하여 대출추천을 받을 수 있다면 중복대출 및 자금별로 대출신청이 가능합니다."
165,전월세/반환보증,서울특별시 계약갱신요구권 만료자 전세자금대출,대출신청자격서울시 소재의 임차목적물에서 계약갱신요구권 행사 후 해당 임대차 계약이 ’22.8.1 ~ 23.7.31 사이에 만료되어 임차보증금 7억원 이내의 새로운 임대차 계약을 체결하고 임차보증금의 5% 이상을 지급한 부부한산 연소득 9천7백만원 이하의 고객※ 본인 및 배우자(예정자 포함) 무주택자※ 새로운 임대차 목적물 또한 서울시 소재여야 함,"대출금액임차보증금의 90% 이내에서 최대 2억원※ 단, 실제 대출금액은 '주택금융공사 보증서 발급 가능금액' 중 작은 금액까지 가능"
166,신용대출,KB 햇살론뱅크,"상품특징정책서민금융상품을 성실하게 상환한 고객에게 제도권 금융지원을 위한 “징검다리” 상품교육·컨설팅 이수자, 저소득청년 및 사회적배려 대상자 서민금융진흥원 보증료율 우대","대출신청자격정책서민금융상품을 성실하게 상환한 고객 중 부채가 감소하거나 신용도가 개선된 고객으로서 다음 어느 하나에 해당하고 「서민금융진흥원」 신용보증서 발급이 가능한 만 19세 이상인 고객- 연소득이 3천5백만원 이하(신용평점 무관)- 개인신용평점 하위 20% 이하 이고 연소득 4천5백만원 이하① 정책서민금융상품 : 미소금융, 근로자햇살론, 사업자햇살론, 햇살론youth, 햇살론15, 햇살론17, 바꿔드림론, 안전망대출, 안전망대출Ⅱ, 새희망홀씨② 정책서민금융상품 성실 상환 고객 : 정책서민금융상품 6개월 이상 성실하게 상환한 고객(현재 정상 이용 중이거나, 최근 3년 이내 완제자)③ 재직 기준- 근로소득자 및 사업소득자 : 재직 또는 사업영위 기간 3개월 이상- 연금소득자(국민연금, 공무원연금, 군인연금, 사학연금에 한함) : 연금수령 1회 이상"
167,신용대출,KB 공무원우대대출,상품특징공무원연금공단과 업무협약에 의해 현직 공무원들에게 퇴직금 또는 재직기간에 따라 가계자금을 대출하는 제도,"대출신청자격공무원 연금법 적용 현직 공무원(군무원포함, 현역 군인 및 사립학교 교직원 제외)으로서 연금취급기관장이 발급하는 「금융기관 알선대출 융자추천서」에 의해 대출을 신청하는 고객으로서 개인신용평가시스템(CSS)에 의해 대출적격자로 판정된 고객※ 다른 협약은행 「공무원생활안정자금대출」 보유 시 대출신청 불가"
168,담보대출,주택리모델링(개량)자금대출,상품특징주택 리모델링 자금을 지원하는 대출,"대출신청자격주택을 리모델링(증축,수선 등) 하기 위하여 건축허가(신고) 또는 공사계약을 체결 한 고객"
169,신용대출,채무조정프로그램,상품특징연체중인 대출 등을 상환부담을 완화할 수 있는 신용대출로 전환,"대출신청자격신용대출: 아래의 경우에 하나라도 해당되는 계좌를 보유한 고객으로, 개인신용평가시스템(CSS) 등에 의해 산출된 의무상환금액(잔액 X 의무상환비율(최대 20%))만큼을 상환한 고객① 3개월(90일)이상 잔액 연체중인 신용대출② 1개월 이내 대출만기도래 신용대출 또는 대출만기가 경과된 신용대출(신용관리정보 등록이 있는 고객)담보대출: 1개월 이상 연체중인 주택담보대출 보유고객"
170,전월세/반환보증,KB전세금안심대출,상품특징주택도시보증공사의 「전세보증금반환보증」과 「전세자금대출특약보증」을 가입하여 전세계약 만료시 임차보증금을 안전하게 보장받고 대출금 지원도 가능한 전세자금대출 상품,"대출신청자격민법상 성년인 세대주(단독세대주 포함)로서 주택도시보증공사의 「전세보증금반환보증」 과 「전세자금대출특약보증」가입이 가능하고 아래의 사항을 모두 충족하는 고객1. 부동산 중개업소를 통하여 임차보증금이 수도권 7억원 이하(그 외 지역은 5억원 이하)의 주택임대차계약을 체결하고 임차보증금의 5% 이상을 지급한 경우 2. 본인과 배우자(결혼예정자 포함)의 합산 주택수가 1주택* 이내인 경우 * 보유 중인 주택이 2020.7.10일 이후 투기지역 또는 투기과열지구 내 소재한 주택으로서 취득시점 주택가액이 3억원을 초과하는 아파트를 구입한 경우에는 대출대상에서 제외. 단, 실수요 요건을 증빙하는 경우 신청 가능"
171,전월세/반환보증,KB스타 전세자금대출(SGI_서울보증보험),상품특징서울보증보험 보증서 담보로 지원하는 비대면 전용 전세대출상품,"대출신청자격부동산중개업소를 통하여 3개월 이상 3년 이내의 주택임대차계약을 체결한 임차인으로서, 다음 각호를 모두 충족하는 고객(1) 만 19세 이상 주민등록등본상 세대주 (단독세대주포함)(2) 임대인이 ‘임차보증금반환채권’ 질권설정통지에 대한 동의가 가능한 고객(3) 주택임대차보호법상 임차인의 대항요건(주택입주 및 주민등록전입)과 확정일자를 갖추어 우선변제권을 확보한 고객(4) 서울보증보험㈜의 개인금융신용보험 증권 (이하 “보험증권”이라 함) 발급이 가능한 고객(5) 소득증빙이 가능*하여 소득대비 금융비용부담율(본건포함)이 40% 이내인 고객* 근로소득자 또는 개인사업자(6) 본인과 배우자(결혼예정자 포함)의 합산 주택보유수*가 1주택 이내인 자*보유 중인 주택이 2020.7.10. 이후 취득(상속 제외)한 투기지역 또는 투기과열지구 소재 취득시점 3억원주3)을 초과하는 아파트(이하 “규제대상아파트”라 함) 취득자에 대한 실수요 예외 인정 없음(7) 다음 중 하나에 해당하는 자(가) 재직사실 확인 및 소득증빙이 가능한 근로소득자(나) 최근년도 소득금액증명원 또는 사업소득원천징수영수증(연말정산용) 발급이 가능한 개인사업자(8) 본인 소득만으로 대출한도 부여가 가능한 고객 (배우자 소득합산 불가)다만 다음 각 호의 1에 해당하는 경우 대출대상에서 제외한다.(1) 당행 상환조건부를 제외한 모든 조건부 대출(예: 타행 상환조건부, 임차목적물 선순위 말소조건부 등)(2) 임대차 계약이 임차인 또는 임대인의 대리에 의한 계약인 경우(3) 공동임차인이 있거나 연대보증인을 입보해야하는 경우(4) 대상 목적물의 소유자가 신탁사인 경우(5) 임차목적물의 주택가격 산정 방법 중 감정평가협회에 등록된 평가기관을 통해 발급한 감정평가서를 대출 신청인에게 제출받아 주택가격을 산정하고자 하는 경우(6) 근질권설정통지 外 방식으로 채권보전조치가 필요한 경우(7) 본 건 이외 진행중인 다른 대출이 있는 경우(8) 배우자가 분양권(입주권)을 보유한 경우(9) 외국인 및 재외국민(국내거소신고를 한 외국국적 동포 및 주민등록을 한 재외국민도 불가)(10) 당행 임직원(11) 당행 CSS 10등급 이하인 자(12) 신용관리대상자 및 당행/타금융기관 연체중인 자"
